Datum,Tijd,Product,ISIN,Beurs,Uitvoeringsplaats,Aantal,Koers,,Lokale waarde,,Waarde EUR,Wisselkoers,AutoFX Kosten,Transactiekosten en/of kosten van derden EUR,Totaal EUR,Order ID,
17-06-2026,15:50,ALPHABET INC CLASS C,US02079K1079,NDQ,BATS,13,"365,0000",USD,"-4745,00",USD,"-4090,52","1,1600","0,00","-2,00","-4092,52",,1eac3965-cade-4e63-b77b-6c468748ab57
17-06-2026,15:48,AMAZON.COM INC,US0231351067,NDQ,BATS,-20,"242,5000",USD,"4850,00",USD,"4182,12","1,1597","0,00","-2,00","4180,12",,fc4c4ccc-4282-4c2e-a48a-7314781261b5
09-06-2026,16:30,MARVELL TECHNOLOGY INC,US5738741041,NDQ,BATS,4,"268,0000",USD,"-1072,00",USD,"-927,02","1,1564","-2,32","-2,00","-931,34",,7bb148bd-a3d8-471d-bd63-057fd936b346
27-05-2026,19:07,VERTIV HOLDINGS CO CLASS A,US92537N1081,NSY,ARCX,4,"319,5000",USD,"-1278,00",USD,"-1098,98","1,1629","-2,75","-2,00","-1103,73",,f6cb6d5c-73e3-48ff-b96b-2b3cb6b19528
19-05-2026,21:56,VERTIV HOLDINGS CO CLASS A,US92537N1081,NSY,MSRP,3,"321,9800",USD,"-965,94",USD,"-832,35","1,1605","0,00","-2,00","-834,35",,3f48ce6e-9a7c-426e-acb6-a965140052e1
19-05-2026,16:22,MARVELL TECHNOLOGY INC,US5738741041,NDQ,MSRP,10,"164,9300",USD,"-1649,30",USD,"-1421,57","1,1602","0,00","-2,00","-1423,57",,ad504634-d8c4-4a25-adb2-2e719844da92
19-05-2026,16:17,SIEMENS ENERGY AG,DE000ENER6Y0,XET,XETA,7,"164,6000",EUR,"-1152,20",EUR,"-1152,20",,"0,00","-4,90","-1157,10",,9aad342d-f527-4a80-b27a-85c27648b360
19-05-2026,15:57,VANECK SEMICONDUCTOR UCITS ETF USD A,IE00BMC38736,MIL,MSEU,25,"83,4800",EUR,"-2087,00",EUR,"-2087,00",,"0,00","-3,00","-2090,00",,a3199416-4b52-4080-889f-7b104196adfa
19-05-2026,15:55,VERTIV HOLDINGS CO CLASS A,US92537N1081,NSY,MSRP,7,"327,5950",USD,"-2293,16",USD,"-1974,31","1,1615","0,00","-2,00","-1976,31",,b96e3bdd-54db-44b0-a2e3-ef1716e844ec
19-05-2026,15:54,ARISTA NETWORKS INC,US0404132054,NSY,SOHO,10,"140,5000",USD,"-1405,00",USD,"-1210,16","1,1610","0,00","-2,00","-1212,16",,107cb75d-9deb-44ce-a5e2-923fd7243a09
15-05-2026,21:48,ARISTA NETWORKS INC,US0404132054,NSY,EDGX,8,"142,3600",USD,"-1138,88",USD,"-980,02","1,1621","0,00","-2,00","-982,02",,c517d885-aead-4688-b821-fdacaeda58d9
15-05-2026,21:45,SHOPIFY INC CLASS A,CA82509L1076,NDQ,XNAS,-17,"100,2000",USD,"1703,40",USD,"1465,92","1,1620","0,00",,"1465,92",,cd0a0e8f-502c-4124-964c-8035f132e3fc
15-05-2026,21:44,SHOPIFY INC CLASS A,CA82509L1076,NDQ,XNAS,-16,"100,2000",USD,"1603,20",USD,"1379,81","1,1619","0,00","-2,00","1377,81",,cd0a0e8f-502c-4124-964c-8035f132e3fc
13-05-2026,21:16,HIMS & HERS HEALTH INC CLASS A,US4330001060,NSY,CDED,-70,"24,2300",USD,"1696,10",USD,"1448,42","1,1710","0,00","-2,00","1446,42",,e0da97b5-0f83-4726-9cd3-e16f90134fe5
13-05-2026,13:31,VANECK SEMICONDUCTOR UCITS ETF USD A,IE00BMC38736,MIL,MSEU,20,"89,2200",EUR,"-1784,40",EUR,"-1784,40",,"0,00","-3,00","-1787,40",39d082ee-4ec3-4bc4-a327-023bd9718cfb
13-05-2026,13:30,VANECK URANIUM AND NUCLEAR TECHNOLOGIES UCITS ETF,IE000M7V94E1,TDG,XGAT,-37,"53,8600",EUR,"1992,82",EUR,"1992,82",,"0,00","-1,00","1991,82",32f85652-1ebb-41c3-9050-32f6c5e454d7
13-05-2026,13:25,SIEMENS ENERGY AG,DE000ENER6Y0,XET,XETA,11,"176,8600",EUR,"-1945,46",EUR,"-1945,46",,"0,00","-4,90","-1950,36",d7292721-54b6-4eda-86dd-944927e4666a
11-05-2026,21:21,COREWEAVE INC CLASS A,US21873S1087,NDQ,ARCX,9,"114,0000",USD,"-1026,00",USD,"-871,34","1,1775","0,00",,"-871,34",3708f6fc-e31d-464e-82ff-3fcb79491cfa
11-05-2026,21:21,COREWEAVE INC CLASS A,US21873S1087,NDQ,ARCX,1,"114,0000",USD,"-114,00",USD,"-96,82","1,1775","0,00","-2,00","-98,82",3708f6fc-e31d-464e-82ff-3fcb79491cfa
11-05-2026,21:21,ARISTA NETWORKS INC,US0404132054,NSY,XNAS,10,"137,0000",USD,"-1370,00",USD,"-1163,48","1,1775","0,00","-2,00","-1165,48",6f43a894-ab49-402d-81bb-6cc755b3ae19
11-05-2026,21:18,LIMBACH HOLDINGS INC,US53263P1057,NDQ,EDGX,14,"76,0000",USD,"-1064,00",USD,"-903,53","1,1776","0,00","-2,00","-905,53",3f7286b9-fbcc-4b02-a352-5c9f5efbc2b6
06-05-2026,16:01,META PLATFORMS INC CLASS A,US30303M1027,NDQ,SOHO,-8,"605,5500",USD,"4844,40",USD,"4122,54","1,1751","0,00","-2,00","4120,54",c9f19c78-9dcd-4006-9771-539d3236e54d
06-05-2026,15:59,ARISTA NETWORKS INC,US0404132054,NSY,BATS,8,"147,0000",USD,"-1176,00",USD,"-1000,69","1,1752","-2,50",,"-1003,19",8f9a1be3-133b-493e-b6c2-a066f1dcbe89
06-05-2026,15:59,ARISTA NETWORKS INC,US0404132054,NSY,BATS,2,"147,0000",USD,"-294,00",USD,"-250,19","1,1751","-0,63","-2,00","-252,82",8f9a1be3-133b-493e-b6c2-a066f1dcbe89
06-05-2026,15:57,LIMBACH HOLDINGS INC,US53263P1057,NDQ,BATS,25,"81,0000",USD,"-2025,00",USD,"-1723,11","1,1752","0,00","-2,00","-1725,11",7f0b1e37-3aef-4784-aa5a-ef92f4b71d43
06-05-2026,15:09,VANECK URANIUM AND NUCLEAR TECHNOLOGIES UCITS ETF,IE000M7V94E1,TDG,XGAT,37,"54,2700",EUR,"-2007,99",EUR,"-2007,99",,"0,00","-1,00","-2008,99",07906a05-3a3e-4b7b-b105-955e6ce4568c
24-04-2026,17:57,CROWDSTRIKE HOLDINGS INC CLASS A,US22788C1053,NDQ,XNAS,14,"442,0000",USD,"-6188,00",USD,"-5280,76","1,1718","0,00","-2,00","-5282,76",2ff79905-2876-46a4-9cd1-ca420b479e52
24-04-2026,17:55,CROWDSTRIKE HOLDINGS INC CLASS A,US22788C1053,NDQ,CDED,-14,"442,0300",USD,"6188,42",USD,"5281,12","1,1718","0,00","-2,00","5279,12",bf1f3982-dc9e-41ab-8e44-67bca611c3a4
10-04-2026,16:21,SHOPIFY INC CLASS A,CA82509L1076,NDQ,CDED,-33,"111,7100",USD,"3686,43",USD,"3141,40","1,1735","0,00","-2,00","3139,40",af590a7e-8b28-49bd-916e-61d27dabd92f
07-04-2026,13:45,VANECK DEFENSE UCITS ETF,IE000YYE6WK5,LSE,MSEU,32,"69,7300",USD,"-2231,36",USD,"-1930,09","1,1561","-4,83","-3,00","-1937,91",fdc82aa4-c249-4481-b942-3ebcd0b4ea4c
02-04-2026,16:02,NEBIUS GROUP NV CLASS A,NL0009805522,NDQ,MSRP,10,"102,6150",USD,"-1026,15",USD,"-889,99","1,1530","-2,22","-2,00","-894,21",2fb4465b-d5ed-46c3-afbf-4afdb7402fa7
02-04-2026,16:01,COREWEAVE INC CLASS A,US21873S1087,NDQ,JNST,14,"76,6100",USD,"-1072,54",USD,"-930,14","1,1531","-2,33","-2,00","-934,47",5e6eeb17-d17c-4f7e-8b50-958cd5766dff
02-04-2026,16:01,APPLIED DIGITAL CORP,US0381692070,NDQ,CDED,30,"23,3350",USD,"-700,05",USD,"-607,05","1,1532","-1,52","-2,00","-610,57",66e4726d-1654-497b-bf90-96fabafd31d9
26-03-2026,17:26,APPLIED DIGITAL CORP,US0381692070,NDQ,EDGX,30,"25,8300",USD,"-774,90",USD,"-671,90","1,1533","-1,68","-2,00","-675,58",fe9870ce-94c3-40d0-80b9-cc590c769932
26-03-2026,16:31,LAM RESEARCH CORP,US5128073062,NDQ,XNYS,3,"217,0000",USD,"-651,00",USD,"-563,98","1,1543","-1,41","-2,00","-567,39",136754dd-6941-49e7-b581-3d9b4660763a
24-03-2026,15:53,LAM RESEARCH CORP,US5128073062,NDQ,XNAS,7,"236,0000",USD,"-1652,00",USD,"-1423,77","1,1603","0,00","-2,00","-1425,77",500954ef-b405-4290-9685-4cfb035d395c
24-03-2026,15:53,APPLIED DIGITAL CORP,US0381692070,NDQ,ARCX,50,"26,3500",USD,"-1317,50",USD,"-1135,58","1,1602","0,00","-2,00","-1137,58",3b276af5-e15c-45e2-b258-2c6aa84d6ae6
24-03-2026,15:51,TRADE DESK INC CLASS A,US88339J1051,NDQ,XNAS,-23,"23,5000",USD,"540,50",USD,"466,39","1,1589","0,00",,"466,39",701477df-c641-492c-8319-479fd3d16a21
24-03-2026,15:51,TRADE DESK INC CLASS A,US88339J1051,NDQ,XNAS,-95,"23,5000",USD,"2232,50",USD,"1926,40","1,1589","0,00","-2,00","1924,40",701477df-c641-492c-8319-479fd3d16a21
12-03-2026,15:49,HIMS & HERS HEALTH INC CLASS A,US4330001060,NSY,XNYS,70,"25,0000",USD,"-1750,00",USD,"-1519,62","1,1516","0,00","-2,00","-1521,62",34505b8e-34ee-4914-90a9-ae95a4d60c51
11-03-2026,15:55,APPLIED DIGITAL CORP,US0381692070,NDQ,ARCX,30,"29,0000",USD,"-870,00",USD,"-750,84","1,1587","0,00","-2,00","-752,84",9ad298e7-745e-4467-be3e-a9a6a4576c2a
11-03-2026,15:37,LAM RESEARCH CORP,US5128073062,NDQ,XNAS,5,"219,8500",USD,"-1099,25",USD,"-948,61","1,1588","0,00",,"-948,61",0c330e9a-2b40-4eb6-999f-01bc3a389243
11-03-2026,15:37,LAM RESEARCH CORP,US5128073062,NDQ,XNAS,1,"219,8500",USD,"-219,85",USD,"-189,72","1,1588","0,00","-2,00","-191,72",0c330e9a-2b40-4eb6-999f-01bc3a389243
11-03-2026,15:36,DRAFTKINGS INC CLASS A,US26142V1052,NDQ,XNAS,-8,"24,7300",USD,"197,84",USD,"170,70","1,1590","0,00",,"170,70",97a23ca5-407f-4f84-b9b7-c4dc1d12a4fa
11-03-2026,15:36,DRAFTKINGS INC CLASS A,US26142V1052,NDQ,XNAS,-25,"24,7300",USD,"618,25",USD,"533,43","1,1590","0,00",,"533,43",97a23ca5-407f-4f84-b9b7-c4dc1d12a4fa
11-03-2026,15:36,DRAFTKINGS INC CLASS A,US26142V1052,NDQ,XNAS,-100,"24,7300",USD,"2473,00",USD,"2133,74","1,1590","0,00","-2,00","2131,74",97a23ca5-407f-4f84-b9b7-c4dc1d12a4fa
27-02-2026,21:04,APPLIED DIGITAL CORP,US0381692070,NDQ,CDED,35,"26,5600",USD,"-929,60",USD,"-786,33","1,1822","0,00","-2,00","-788,33",5739703b-0b08-481d-93cf-2dd3daddf2dd
26-02-2026,15:54,LAM RESEARCH CORP,US5128073062,NDQ,ARCX,10,"239,0000",USD,"-2390,00",USD,"-2023,19","1,1813","0,00","-2,00","-2025,19",d3ea4de6-298c-4fdb-8e75-d2f6669d74ff
26-02-2026,15:53,APPLIED DIGITAL CORP,US0381692070,NDQ,CDED,41,"28,7550",USD,"-1178,96",USD,"-998,01","1,1813","0,00","-2,00","-1000,01",06478d7a-5408-462e-8e0c-6e808e368548
12-02-2026,18:24,HIMS & HERS HEALTH INC CLASS A,US4330001060,NSY,CDED,-278,"16,1000",USD,"4475,80",USD,"3770,36","1,1871","0,00","-2,00","3768,36",d788d546-54d6-464a-b1bd-e1857bbcbb02
10-02-2026,10:32,VANECK DEFENSE UCITS ETF,IE000YYE6WK5,LSE,XLON,52,"69,7000",USD,"-3624,40",USD,"-3040,88","1,1919","-7,60","-3,00","-3051,48",1bcb3406-79bb-4efe-9397-abbe50c288c3
05-02-2026,16:06,VANECK DEFENSE UCITS ETF,IE000YYE6WK5,LSE,MSEU,70,"67,7700",USD,"-4743,90",USD,"-4019,91","1,1801","0,00","-3,00","-4022,91",c0d9a340-8c59-4f92-89b1-205371b31de3
05-02-2026,15:50,NEBIUS GROUP NV CLASS A,NL0009805522,NDQ,BATS,15,"79,3000",USD,"-1189,50",USD,"-1007,79","1,1803","0,00","-2,00","-1009,79",ef2493bd-9b4a-4261-9300-70b6820bab14
05-02-2026,15:44,COREWEAVE INC CLASS A,US21873S1087,NDQ,ARCX,15,"80,5000",USD,"-1207,50",USD,"-1022,70","1,1807","0,00","-2,00","-1024,70",8f54a016-d8e1-4772-93c7-d94b993ac3b1
02-02-2026,14:47,ADYEN NV,NL0012969182,EAM,MESI,-3,"1243,2000",EUR,"3729,60",EUR,"3729,60",,"0,00","-3,00","3726,60",568a2e82-f91f-4e21-afec-a9427ac70359
29-01-2026,15:47,HIMS & HERS HEALTH INC CLASS A,US4330001060,NSY,CDED,-80,"30,2500",USD,"2420,00",USD,"2022,23","1,1967","0,00","-2,00","2020,23",23c31fe4-9475-46c1-8a98-747efdba08ef
21-01-2026,15:36,COREWEAVE INC CLASS A,US21873S1087,NDQ,CDED,7,"90,9900",USD,"-636,93",USD,"-543,18","1,1726","0,00","-2,00","-545,18",91af9781-6096-4776-b28c-cbc861abc04d
21-01-2026,15:35,NEBIUS GROUP NV CLASS A,NL0009805522,NDQ,CDED,15,"97,7000",USD,"-1465,50",USD,"-1249,79","1,1726","0,00","-2,00","-1251,79",30cdc1d5-b19b-47ed-a5a8-4fa20bb17d0e
15-01-2026,19:25,HIMS & HERS HEALTH INC CLASS A,US4330001060,NSY,JNST,-100,"31,0801",USD,"3108,01",USD,"2676,78","1,1611","0,00","-2,00","2674,78",59b6d90d-a8ee-4661-933e-5297ea326977
13-01-2026,18:36,NEBIUS GROUP NV CLASS A,NL0009805522,NDQ,ARCX,8,"105,0000",USD,"-840,00",USD,"-721,34","1,1645","0,00","-2,00","-723,34",7d604028-7b84-4089-a8b1-ee022450e8c0
07-01-2026,16:34,NEBIUS GROUP NV CLASS A,NL0009805522,NDQ,BATS,25,"98,5000",USD,"-2462,50",USD,"-2106,14","1,1692","0,00","-2,00","-2108,14",634a2f2e-467e-4a33-9b34-f26c559964f2
06-01-2026,17:53,MICROSOFT CORP,US5949181045,NDQ,EDGX,-7,"471,6400",USD,"3301,48",USD,"2824,67","1,1688","0,00","-2,00","2822,67",0d6e118a-3217-4de9-80f5-9af204d8792e
05-01-2026,18:48,COREWEAVE INC CLASS A,US21873S1087,NDQ,SOHO,50,"78,9900",USD,"-3949,50",USD,"-3371,61","1,1714","0,00","-2,00","-3373,61",5602dfd2-7d1e-4534-931f-11f8106a8790
05-01-2026,18:25,PALO ALTO NETWORKS INC,US6974351057,NDQ,EDGX,-18,"183,6000",USD,"3304,80",USD,"2820,04","1,1719","0,00","-2,00","2818,04",987b6811-d162-420a-8961-1c34a51cffaf
03-12-2025,16:30,CROCS INC,US2270461096,NDQ,XNAS,-30,"88,3300",USD,"2649,90",USD,"2271,67","1,1665","0,00","-2,00","2269,67",a405b37c-a780-4131-98a9-e308479f73e7
14-11-2025,11:59,SIEMENS ENERGY AG,DE000ENER6Y0,XET,XETA,-35,"111,5500",EUR,"3904,25",EUR,"3904,25",,"0,00","-4,90","3899,35",434d2f8a-f898-4f2b-b5b1-452ed5dfee80
20-10-2025,15:30,HIMS & HERS HEALTH INC CLASS A,US4330001060,NSY,XNYS,40,"51,6600",USD,"-2066,40",USD,"-1773,43","1,1652","0,00","-2,00","-1775,43",43911d3e-4012-4891-8d1a-3c6d28f90578
20-10-2025,14:01,BYD CO LTD,CNE100000296,TDG,XGAT,-150,"11,5200",EUR,"1728,00",EUR,"1728,00",,"0,00","-3,90","1724,10",82ee3dbf-3b96-41a5-8b71-3c28cb7f7857
17-09-2025,18:09,TRADE DESK INC CLASS A,US88339J1051,NDQ,JNST,13,"45,2899",USD,"-588,77",USD,"-497,15","1,1843","-1,24","-2,00","-500,39",718b67cb-062f-45dd-9ab5-4f85fec397a2
15-09-2025,15:51,MARVELL TECHNOLOGY INC,US5738741041,NDQ,CDED,12,"67,0950",USD,"-805,14",USD,"-684,53","1,1762","-1,71","-2,00","-688,24",2e54d2c9-816c-47fa-b61c-a74be33cbaf3
15-09-2025,15:51,TRADE DESK INC CLASS A,US88339J1051,NDQ,XNAS,15,"46,0500",USD,"-690,75",USD,"-587,33","1,1761","-1,47","-2,00","-590,79",385f79be-3778-4844-92d8-38311e39259c
09-09-2025,10:26,VANECK SEMICONDUCTOR UCITS ETF USD A,IE00BMC38736,MIL,ETFP,4,"42,4200",EUR,"-169,68",EUR,"-169,68",,"0,00",,"-169,68",f76a64ce-933e-42de-834d-e4323269c460
09-09-2025,10:07,VANECK SEMICONDUCTOR UCITS ETF USD A,IE00BMC38736,MIL,ETFP,50,"42,4200",EUR,"-2121,00",EUR,"-2121,00",,"0,00",,"-2121,00",f76a64ce-933e-42de-834d-e4323269c460
09-09-2025,10:07,VANECK SEMICONDUCTOR UCITS ETF USD A,IE00BMC38736,MIL,ETFP,46,"42,4200",EUR,"-1951,32",EUR,"-1951,32",,"0,00","-3,00","-1954,32",f76a64ce-933e-42de-834d-e4323269c460
05-09-2025,17:45,MARVELL TECHNOLOGY INC,US5738741041,NDQ,ARCX,20,"63,4500",USD,"-1269,00",USD,"-1079,82","1,1752","-2,70","-2,00","-1084,52",163cb51a-ed19-4b93-9168-ee864d112248
27-08-2025,15:46,CROCS INC,US2270461096,NDQ,XNAS,30,"86,8500",USD,"-2605,50",USD,"-2249,04","1,1585","-5,62","-2,00","-2256,67",0645496a-17b6-4241-a7f5-4a0ccd1cb310
27-08-2025,15:41,MARVELL TECHNOLOGY INC,US5738741041,NDQ,XNAS,25,"74,7300",USD,"-1868,25",USD,"-1612,52","1,1586","-4,03","-2,00","-1618,55",f5fffa6b-085b-45bf-9d94-cf5044d916cf
27-08-2025,15:39,SIEMENS ENERGY AG,DE000ENER6Y0,XET,XETA,20,"91,7800",EUR,"-1835,60",EUR,"-1835,60",,"0,00","-4,90","-1840,50",442438c5-9198-4ed5-b022-a37374195a94
18-07-2025,09:00,EUR/USD,EURUSD......,FX,,-4000,"1,1700",USD,"4680,00",USD,"4000,00","1,1700","0,00",,"4000,00",3f7d1096-8bb9-4e2c-b545-1fe4b53ce287
17-07-2025,17:48,HIMS & HERS HEALTH INC CLASS A,US4330001060,NSY,CDED,50,"51,1900",USD,"-2559,50",USD,"-2206,67","1,1599","-5,52","-2,00","-2214,19",6e11928b-69f8-48be-98b5-27d136090958
16-07-2025,17:34,EUR/USD,EURUSD......,FX,,4000,"1,1700",USD,"-4680,00",USD,"-4000,00","1,1700","0,00","-20,00","-4020,00",3f7d1096-8bb9-4e2c-b545-1fe4b53ce287
20-06-2025,16:52,HIMS & HERS HEALTH INC CLASS A,US4330001060,NSY,JNST,-40,"62,1200",USD,"2484,80",USD,"2159,38","1,1507","0,00","-2,00","2157,38",57ca143d-f4d1-4fc8-a023-7991f4be9878
20-06-2025,16:12,SAMSARA INC (PRE-REINCORPORATION) CLASS A,US79589L1061,NSY,XNAS,-31,"38,4000",USD,"1190,40",USD,"1033,69","1,1516","0,00",,"1033,69",7ebc150a-3efd-41dc-a999-1cddb593df7a
20-06-2025,16:12,SAMSARA INC (PRE-REINCORPORATION) CLASS A,US79589L1061,NSY,XNAS,-29,"38,4000",USD,"1113,60",USD,"967,00","1,1516","0,00","-2,00","965,00",7ebc150a-3efd-41dc-a999-1cddb593df7a
20-06-2025,16:01,SIEMENS ENERGY AG,DE000ENER6Y0,XET,XETA,-20,"88,0000",EUR,"1760,00",EUR,"1760,00",,"0,00","-4,90","1755,10",5dfd48c4-827d-4ea3-a04c-e5707215fd60
20-06-2025,15:52,HIMS & HERS HEALTH INC CLASS A,US4330001060,NSY,EDGX,-42,"62,5000",USD,"2625,00",USD,"2279,44","1,1516","0,00",,"2279,44",1a0ff45c-4572-4bb3-8434-de9e5197c2aa
20-06-2025,15:52,HIMS & HERS HEALTH INC CLASS A,US4330001060,NSY,EDGX,-8,"62,5000",USD,"500,00",USD,"434,18","1,1516","0,00","-2,00","432,18",1a0ff45c-4572-4bb3-8434-de9e5197c2aa
18-06-2025,21:20,CROCS INC,US2270461096,NDQ,XNAS,-25,"100,1500",USD,"2503,75",USD,"2182,50","1,1472","-5,46","-2,00","2175,05",a8029393-67d6-4b18-b76b-8fb46ae2b597
10-06-2025,12:49,BYD CO LTD,CNE100000296,TDG,XGAT,150,"15,6700",EUR,"-2350,50",EUR,"-2350,50",,"0,00","-3,90","-2354,40",c15230a6-5b95-479f-8e0d-23b9fa88a37b
07-05-2025,20:32,ADVANCED MICRO DEVICES INC,US0079031078,NDQ,BATS,-32,"98,0000",USD,"3136,00",USD,"2764,96","1,1342","-6,91","-2,00","2756,05",6549b488-aea4-49bd-9ac4-9c0c2effecb2
14-04-2025,09:45,BE SEMICONDUCTOR INDUSTRIES NV,NL0012866412,EAM,MESI,5,"87,0000",EUR,"-435,00",EUR,"-435,00",,"0,00",,"-435,00",b2c708d9-40ee-407c-89b2-f5a94145f219
14-04-2025,09:45,BE SEMICONDUCTOR INDUSTRIES NV,NL0012866412,EAM,XAMS,6,"87,0000",EUR,"-522,00",EUR,"-522,00",,"0,00","-3,00","-525,00",b2c708d9-40ee-407c-89b2-f5a94145f219
11-04-2025,21:53,ADVANCED MICRO DEVICES INC,US0079031078,NDQ,XNAS,12,"93,0000",USD,"-1116,00",USD,"-984,31","1,1338","-2,46","-2,00","-988,77",32392edf-4d8f-47f8-9f1a-bcce4cf5fbe2
11-04-2025,18:33,HIMS & HERS HEALTH INC CLASS A,US4330001060,NSY,EDGX,-400,"26,5000",USD,"10600,00",USD,"9387,23","1,1292","-23,47",,"9363,77",2e62b3ae-b1c2-4a6a-9fd4-a2f550e20e21
11-04-2025,18:33,HIMS & HERS HEALTH INC CLASS A,US4330001060,NSY,EDGX,-100,"26,5000",USD,"2650,00",USD,"2346,81","1,1292","-5,87",,"2340,94",2e62b3ae-b1c2-4a6a-9fd4-a2f550e20e21
11-04-2025,18:33,HIMS & HERS HEALTH INC CLASS A,US4330001060,NSY,EDGX,-100,"26,5000",USD,"2650,00",USD,"2346,81","1,1292","-5,87","-2,00","2338,94",2e62b3ae-b1c2-4a6a-9fd4-a2f550e20e21
11-04-2025,18:19,TRADE DESK INC CLASS A,US88339J1051,NDQ,XNAS,30,"48,9500",USD,"-1468,50",USD,"-1300,37","1,1293","-3,25","-2,00","-1305,62",ec980b0b-a868-4d9b-b07b-1a0bf8fb2c90
11-04-2025,18:14,CROCS INC,US2270461096,NDQ,EDGX,25,"89,9400",USD,"-2248,50",USD,"-1987,37","1,1314","-4,97","-2,00","-1994,34",a9c3f9c7-d906-4e6b-957c-cae48461e7a7
11-04-2025,18:09,ADVANCED MICRO DEVICES INC,US0079031078,NDQ,CDED,20,"91,5600",USD,"-1831,20",USD,"-1618,54","1,1314","-4,05","-2,00","-1624,58",988a6759-194f-4ce9-92ea-4f78c9072132
11-04-2025,18:08,DRAFTKINGS INC CLASS A,US26142V1052,NDQ,CDED,35,"33,5550",USD,"-1174,42",USD,"-1037,85","1,1316","-2,59","-2,00","-1042,45",1c5dd8aa-83c2-4929-8444-fb7edded97d8
11-04-2025,18:08,HIMS & HERS HEALTH INC CLASS A,US4330001060,NSY,CDED,688,"26,2000",USD,"-18025,60",USD,"-15929,40","1,1316","-39,82",,"-15969,22",787a0498-0d1b-4628-9aee-6e05c2e496fc
11-04-2025,18:08,HIMS & HERS HEALTH INC CLASS A,US4330001060,NSY,CDED,12,"26,1900",USD,"-314,28",USD,"-277,73","1,1316","-0,69","-2,00","-280,43",787a0498-0d1b-4628-9aee-6e05c2e496fc
31-03-2025,16:08,SHOPIFY INC CLASS A,CA82509L1076,NDQ,,66,"96,6800",USD,"-6380,88",USD,"-5912,52","1,0792","0,00",,"-5912,52",
31-03-2025,16:08,SHOPIFY INC. CLASS A S,CA82509L1076,NSY,,-66,"96,6800",USD,"6380,88",USD,"5912,52","1,0792","0,00",,"5912,52",
19-03-2025,15:30,TRADE DESK INC CLASS A,US88339J1051,NDQ,XNAS,20,"55,0000",USD,"-1100,00",USD,"-1009,27","1,0899","0,00","-2,00","-1011,27",f43d53c4-fb4c-4a7f-b290-39e4e41ef6b9
05-03-2025,15:57,TRADE DESK INC CLASS A,US88339J1051,NDQ,BATS,10,"66,0000",USD,"-660,00",USD,"-613,22","1,0763","-1,53","-2,00","-616,75",625fb43a-e907-4d30-b2a0-af8482ae8175
05-03-2025,15:49,HIMS & HERS HEALTH INC CLASS A,US4330001060,NSY,CDED,40,"38,9300",USD,"-1557,20",USD,"-1447,22","1,0760","-3,62","-2,00","-1452,84",e25d072c-5785-4144-b310-1a836c852dd1
27-02-2025,13:37,AMG CRITICAL MATERIALS NV,NL0000888691,EAM,MESI,-140,"17,2000",EUR,"2408,00",EUR,"2408,00",,"0,00","-3,00","2405,00",28abc40f-9f27-49fb-aa15-106e74ae0916
26-02-2025,15:46,TRADE DESK INC CLASS A,US88339J1051,NDQ,ARCX,30,"74,1600",USD,"-2224,80",USD,"-2120,69","1,0491","-5,30","-2,00","-2127,99",00f3a443-cb10-4724-8cdc-75df54a3116e
21-02-2025,20:43,HIMS & HERS HEALTH INC CLASS A,US4330001060,NSY,XNAS,130,"51,0000",USD,"-6630,00",USD,"-6337,22","1,0462","0,00","-2,00","-6339,22",797b5b4f-21c6-4021-a520-19423f3eec65
13-02-2025,19:45,HIMS & HERS HEALTH INC CLASS A,US4330001060,NSY,CDED,-95,"55,8350",USD,"5304,32",USD,"5097,37","1,0406","0,00",,"5097,37",08eef7c0-4145-43f2-a771-88edd3b4e6ea
13-02-2025,19:45,HIMS & HERS HEALTH INC CLASS A,US4330001060,NSY,CDED,-5,"55,8350",USD,"279,18",USD,"268,28","1,0406","0,00","-2,00","266,28",08eef7c0-4145-43f2-a771-88edd3b4e6ea
16-01-2025,11:39,ISHARES CORE S&P 500 UCITS ETF USD (ACC),IE00B5BMR087,EAM,XAMS,9,"615,5900",EUR,"-5540,31",EUR,"-5540,31",,"0,00","-3,00","-5543,31",c91ecdec-e557-41b3-9266-0fc7c6a5b5d3
16-01-2025,11:36,ISHARES MSCI INDIA UCITS USD (ACC) ETF,IE00BZCQB185,EAM,XAMS,-582,"8,8000",EUR,"5121,60",EUR,"5121,60",,"0,00",,"5121,60",e6947e13-6584-43ee-b9b0-681b5dc379f0
16-01-2025,11:35,ISHARES MSCI INDIA UCITS USD (ACC) ETF,IE00BZCQB185,EAM,XAMS,-2,"8,8000",EUR,"17,60",EUR,"17,60",,"0,00",,"17,60",e6947e13-6584-43ee-b9b0-681b5dc379f0
16-01-2025,11:35,ISHARES MSCI INDIA UCITS USD (ACC) ETF,IE00BZCQB185,EAM,XAMS,-1,"8,8000",EUR,"8,80",EUR,"8,80",,"0,00",,"8,80",e6947e13-6584-43ee-b9b0-681b5dc379f0
16-01-2025,11:33,ISHARES MSCI INDIA UCITS USD (ACC) ETF,IE00BZCQB185,EAM,XAMS,-3,"8,8000",EUR,"26,40",EUR,"26,40",,"0,00","-3,00","23,40",e6947e13-6584-43ee-b9b0-681b5dc379f0
20-12-2024,16:45,HIMS & HERS HEALTH INC CLASS A,US4330001060,NSY,SOHO,18,"26,6972",USD,"-480,55",USD,"-461,76","1,0407","-1,15","-2,00","-464,91",99489d8e-5acd-4622-8afc-de15a2d0febf
20-12-2024,16:44,ADR ON NIO INC CLASS A ORD SHS,US62914V1061,NSY,CDED,-4,"4,5650",USD,"18,26",USD,"17,55","1,0403","-0,04",,"17,51",15cbf75a-17d3-4657-9b4d-49d17c4bf843
20-12-2024,16:44,ADR ON NIO INC CLASS A ORD SHS,US62914V1061,NSY,MSPL,-100,"4,5650",USD,"456,50",USD,"438,82","1,0403","-1,10","-2,00","435,72",15cbf75a-17d3-4657-9b4d-49d17c4bf843
16-12-2024,00:00,PALO ALTO NETWORKS INC,US6974351057,NDQ,,18,"196,5600",USD,"-3538,08",USD,"-3372,50","1,0491","0,00",,"-3372,50",
16-12-2024,00:00,PALO ALTO NETWORKS INC,US6974351057,NDQ,,-9,"393,1200",USD,"3538,08",USD,"3372,50","1,0491","0,00",,"3372,50",
11-12-2024,15:35,SAMSARA INC (PRE-REINCORPORATION) CLASS A,US79589L1061,NSY,XNAS,20,"45,0000",USD,"-900,00",USD,"-856,58","1,0507","-2,14","-2,00","-860,72",8eaaffd4-c0aa-420d-8c6e-2f0807e95dcf
04-12-2024,15:36,ALFEN NV,NL0012817175,EAM,XAMS,-91,"11,3200",EUR,"1030,12",EUR,"1030,12",,"0,00","-3,00","1027,12",3d1ba42c-051d-42cd-bc04-4920da5e73ba
27-11-2024,19:25,CROWDSTRIKE HOLDINGS INC CLASS A,US22788C1053,NDQ,XNAS,3,"343,8000",USD,"-1031,40",USD,"-975,32","1,0575","0,00","-2,00","-977,32",ca570775-2ea5-4a0d-90a4-522db44db47a
27-11-2024,19:25,PALO ALTO NETWORKS INC,US6974351057,NDQ,ARCX,3,"386,6500",USD,"-1159,95",USD,"-1096,78","1,0576","0,00","-2,00","-1098,78",c15f98f9-37bd-4db4-b842-d472f9315419
18-11-2024,11:30,ASML HOLDING NV,NL0010273215,EAM,MESI,1,"620,0000",EUR,"-620,00",EUR,"-620,00",,"0,00",,"-620,00",888b2c28-879e-4b7e-aa2f-bf96c267d872
18-11-2024,11:30,ASML HOLDING NV,NL0010273215,EAM,XAMS,1,"620,0000",EUR,"-620,00",EUR,"-620,00",,"0,00","-3,00","-623,00",888b2c28-879e-4b7e-aa2f-bf96c267d872
18-11-2024,10:57,ASM INTERNATIONAL NV,NL0000334118,EAM,MESI,1,"494,0000",EUR,"-494,00",EUR,"-494,00",,"0,00",,"-494,00",eb3898cb-8c90-41aa-9a8d-6691ea7f22b3
18-11-2024,10:57,ASM INTERNATIONAL NV,NL0000334118,EAM,XAMS,2,"494,0000",EUR,"-988,00",EUR,"-988,00",,"0,00","-3,00","-991,00",eb3898cb-8c90-41aa-9a8d-6691ea7f22b3
14-11-2024,15:38,TRADE DESK INC CLASS A,US88339J1051,NDQ,EDGX,-15,"124,5600",USD,"1868,40",USD,"1768,65","1,0564","0,00","-2,00","1766,65",1bf0f070-d69d-476f-9952-a96e9699ee6a
10-10-2024,19:42,ALPHABET INC CLASS A,US02079K3059,NDQ,ARCX,-20,"162,3000",USD,"3246,00",USD,"2973,07","1,0918","0,00","-2,00","2971,07",8c14c37b-32aa-43e2-8cc7-9007fc73e95a
28-08-2024,15:39,TRADE DESK INC CLASS A,US88339J1051,NDQ,XNAS,15,"103,7500",USD,"-1556,25",USD,"-1399,26","1,1122","-3,50","-2,00","-1404,76",2add8c6b-a943-43d2-aae2-9b2882772328
28-08-2024,15:36,TRADE DESK INC CLASS A,US88339J1051,NDQ,EDGX,-15,"103,8400",USD,"1557,60",USD,"1400,97","1,1118","0,00","-2,00","1398,97",04bb5e2a-43aa-44f2-9c61-f07d7b85520f
16-08-2024,11:54,INVITAE CORPORATION CO,US46185L1035,OTC,,-540,"0,0000",USD,"0,00",USD,"0,00","1,0931","0,00",,"0,00",
15-08-2024,17:14,HIMS & HERS HEALTH INC CLASS A,US4330001060,NSY,XNAS,40,"15,8700",USD,"-634,80",USD,"-577,72","1,0988","0,00","-2,00","-579,72",329bb01b-b672-4b65-9aff-2638de761bc5
15-08-2024,17:13,DRAFTKINGS INC CLASS A,US26142V1052,NDQ,CDED,20,"33,4600",USD,"-669,20",USD,"-608,97","1,0989","0,00","-2,00","-610,97",1a40f2e7-49f3-4075-b9e6-fb22ada04054
07-08-2024,15:34,CROWDSTRIKE HOLDINGS INC CLASS A,US22788C1053,NDQ,ARCX,5,"240,5500",USD,"-1202,75",USD,"-1100,82","1,0926","-2,75","-2,00","-1105,57",9237fbae-3854-464b-8390-36ae2473e846
06-08-2024,10:02,ASML HOLDING NV,NL0010273215,EAM,XAMS,1,"767,0000",EUR,"-767,00",EUR,"-767,00",,"0,00","-3,00","-770,00",0ae053ca-7fac-436d-a99a-ade04a9ab2c3
05-08-2024,17:29,HIMS & HERS HEALTH INC CLASS A,US4330001060,NSY,XNAS,41,"17,2900",USD,"-708,89",USD,"-646,27","1,0969","-1,62",,"-647,89",9721a869-d849-4fbb-900b-63139d9a2854
05-08-2024,17:29,HIMS & HERS HEALTH INC CLASS A,US4330001060,NSY,XNAS,29,"17,2900",USD,"-501,41",USD,"-457,12","1,0969","-1,14","-2,00","-460,26",9721a869-d849-4fbb-900b-63139d9a2854
05-08-2024,17:23,ISHARES MSCI INDIA UCITS USD (ACC) ETF,IE00BZCQB185,EAM,XAMS,200,"8,9500",EUR,"-1790,00",EUR,"-1790,00",,"0,00","-3,00","-1793,00",5f6b88b0-0a06-4fdd-8e8c-60a565f01693
05-08-2024,17:21,CROWDSTRIKE HOLDINGS INC CLASS A,US22788C1053,NDQ,ARCX,6,"220,4500",USD,"-1322,70",USD,"-1206,08","1,0967","-3,02","-2,00","-1211,10",86cff33e-65c4-4f44-a4f7-5a21a94d6324
05-08-2024,17:21,ASM INTERNATIONAL NV,NL0000334118,EAM,MESI,1,"546,0000",EUR,"-546,00",EUR,"-546,00",,"0,00",,"-546,00",0e5885d0-7e26-4eca-839c-d00a2f0c929e
05-08-2024,17:21,ASM INTERNATIONAL NV,NL0000334118,EAM,XAMS,1,"546,0000",EUR,"-546,00",EUR,"-546,00",,"0,00","-3,00","-549,00",0e5885d0-7e26-4eca-839c-d00a2f0c929e
31-07-2024,16:35,TRADE DESK INC CLASS A,US88339J1051,NDQ,XNAS,8,"90,0000",USD,"-720,00",USD,"-664,27","1,0839","0,00",,"-664,27",b56fb8a2-1a4a-459d-8495-a36b8b35a541
31-07-2024,16:35,TRADE DESK INC CLASS A,US88339J1051,NDQ,XNAS,7,"90,0000",USD,"-630,00",USD,"-581,23","1,0839","0,00","-2,00","-583,23",b56fb8a2-1a4a-459d-8495-a36b8b35a541
31-07-2024,16:25,ASML HOLDING NV,NL0010273215,EAM,EUCC,1,"849,1000",EUR,"-849,10",EUR,"-849,10",,"0,00","-3,00","-852,10",21fbc5be-a052-4d2a-ab1b-2129411c7508
31-07-2024,15:08,BE SEMICONDUCTOR INDUSTRIES NV,NL0012866412,EAM,MESI,10,"120,4000",EUR,"-1204,00",EUR,"-1204,00",,"0,00","-3,00","-1207,00",e60b6335-7d37-4d70-9a8e-5735a2219327
24-07-2024,15:30,TESLA INC,US88160R1014,NDQ,XNAS,-6,"225,0400",USD,"1350,24",USD,"1243,89","1,0855","0,00","-2,00","1241,89",822973bd-a4f0-48af-bf4e-009f6c6dbad2
27-06-2024,11:55,ALFEN NV,NL0012817175,EAM,XAMS,30,"16,8000",EUR,"-504,00",EUR,"-504,00",,"0,00","-3,00","-507,00",013831a4-e3aa-4a5d-b47b-16ddf8a1e171
26-06-2024,16:17,AMG CRITICAL MATERIALS NV,NL0000888691,EAM,MESI,17,"15,7000",EUR,"-266,90",EUR,"-266,90",,"0,00",,"-266,90",8318b6c0-8fa4-4df2-b19d-7990ea261345
26-06-2024,16:17,AMG CRITICAL MATERIALS NV,NL0000888691,EAM,XAMS,18,"15,7000",EUR,"-282,60",EUR,"-282,60",,"0,00","-3,00","-285,60",8318b6c0-8fa4-4df2-b19d-7990ea261345
07-06-2024,13:25,AMG CRITICAL MATERIALS NV,NL0000888691,EAM,XAMS,50,"18,8100",EUR,"-940,50",EUR,"-940,50",,"0,00","-3,00","-943,50",f5f998bd-c742-4bb2-9a0c-3f271229423b
28-05-2024,12:49,VIVORYON THERAPEUTICS NV,NL00150002Q7,EAM,XAMS,-39,"3,4300",EUR,"133,77",EUR,"133,77",,"0,00",,"133,77",f9c2b7ff-c5b5-42d2-9a0e-aab5aef74eb2
28-05-2024,12:49,VIVORYON THERAPEUTICS NV,NL00150002Q7,EAM,XAMS,-191,"3,4300",EUR,"655,13",EUR,"655,13",,"0,00","-3,00","652,13",f9c2b7ff-c5b5-42d2-9a0e-aab5aef74eb2
24-05-2024,15:45,MEITUAN,KYG596691041,TDG,XGAT,-1,"13,6520",EUR,"13,65",EUR,"13,65",,"0,00","-3,90","9,75",d6db3682-fb4b-45ad-8d79-99287a91c438
21-05-2024,10:37,ALFEN NV,NL0012817175,EAM,XAMS,30,"35,0000",EUR,"-1050,00",EUR,"-1050,00",,"0,00","-3,00","-1053,00",3ad8bbc2-3751-4fa3-a4ad-f39123d23664
29-04-2024,16:59,TESLA INC,US88160R1014,NDQ,ARCX,-5,"190,0000",USD,"950,00",USD,"886,78","1,0713","-2,22","-2,00","882,56",6062f4cf-58c2-44d2-811f-663bd4626851
26-04-2024,10:01,BE SEMICONDUCTOR INDUSTRIES NV,NL0012866412,EAM,MESI,5,"132,8000",EUR,"-664,00",EUR,"-664,00",,"0,00",,"-664,00",31a72b36-5d4e-4b05-a2be-fd9b2811ca3d
26-04-2024,10:01,BE SEMICONDUCTOR INDUSTRIES NV,NL0012866412,EAM,XAMS,5,"132,8000",EUR,"-664,00",EUR,"-664,00",,"0,00","-3,00","-667,00",31a72b36-5d4e-4b05-a2be-fd9b2811ca3d
25-04-2024,15:31,BYD CO LTD,CNE100000296,TDG,XGAT,-75,"24,1600",EUR,"1812,00",EUR,"1812,00",,"0,00","-3,90","1808,10",d054dec5-b623-4d0b-a9ec-ee780d2c492e
11-04-2024,20:25,SAMSARA INC (PRE-REINCORPORATION) CLASS A,US79589L1061,NSY,CDED,40,"32,5500",USD,"-1302,00",USD,"-1213,19","1,0732","0,00","-2,00","-1215,19",ab300c0f-4737-45f9-af52-e6cf5c4ba2b1
26-03-2024,12:57,BYD CO LTD,CNE100000296,TDG,XGAT,25,"25,4600",EUR,"-636,50",EUR,"-636,50",,"0,00","-3,90","-640,40",2d361860-e732-4574-b65c-932496140e28
19-03-2024,10:27,BE SEMICONDUCTOR INDUSTRIES NV,NL0012866412,EAM,MESI,10,"145,0000",EUR,"-1450,00",EUR,"-1450,00",,"0,00","-3,00","-1453,00",3b070cad-992a-4a27-a091-6b1888606f27
08-03-2024,17:22,SAMSARA INC (PRE-REINCORPORATION) CLASS A,US79589L1061,NSY,MEMX,-20,"39,0000",USD,"780,00",USD,"712,39","1,0949","0,00","-2,00","710,39",b186e993-cf58-4e6d-be73-00abf3d02559
07-03-2024,15:58,PALO ALTO NETWORKS INC,US6974351057,NDQ,MEMX,2,"281,5000",USD,"-563,00",USD,"-515,81","1,0915","-1,29","-2,00","-519,10",9e6b3db4-66b2-4380-b1ad-87c3feae5eb3
04-03-2024,19:17,PALO ALTO NETWORKS INC,US6974351057,NDQ,ARCX,4,"299,8100",USD,"-1199,24",USD,"-1104,48","1,0858","0,00","-2,00","-1106,48",59ab802d-ba7f-4ff8-a024-f034b41fb25f
04-03-2024,15:56,PALO ALTO NETWORKS INC,US6974351057,NDQ,CDED,-5,"294,7100",USD,"1473,55",USD,"1356,74","1,0861","0,00","-2,00","1354,74",7cd6ee9d-02fd-48b4-80da-ae76b8eb6008
04-03-2024,15:49,SAMSARA INC (PRE-REINCORPORATION) CLASS A,US79589L1061,NSY,CDED,20,"34,8200",USD,"-696,40",USD,"-641,67","1,0853","0,00","-2,00","-643,67",93984fff-64a1-4211-8dde-d144c0d42078
04-03-2024,15:49,PALO ALTO NETWORKS INC,US6974351057,NDQ,EDGX,5,"298,0000",USD,"-1490,00",USD,"-1372,89","1,0853","0,00","-2,00","-1374,89",03ba428b-4683-412c-9bd0-0c8a5c31e1f0
04-03-2024,14:57,ATOS SE,FR0000051732,EPA,XPAR,-405,"2,2830",EUR,"924,62",EUR,"924,62",,"0,00","-4,90","919,72",4fca944e-a094-4bc9-890e-063770c5ac3b
29-02-2024,19:24,UNITY SOFTWARE INC,US91332U1016,NSY,XNYS,-44,"29,5500",USD,"1300,20",USD,"1203,55","1,0803","0,00","-2,00","1201,55",92661982-9001-47ae-ba8d-87ee2b9eeae2
29-02-2024,17:44,CLOUDFLARE INC CLASS A,US18915M1071,NSY,CDED,-12,"97,1900",USD,"1166,28",USD,"1079,29","1,0806","0,00","-2,00","1077,29",c40e3cc5-c1cd-4cca-8b1b-a4bc4c2c74b3
29-02-2024,16:16,CLOUDFLARE INC CLASS A,US18915M1071,NSY,EDGX,12,"98,0000",USD,"-1176,00",USD,"-1084,18","1,0847","-2,71","-2,00","-1088,89",71807b9e-3b8c-4b70-a8b1-7af29ca43309
22-02-2024,14:59,ISHARES CORE S&P 500 UCITS ETF USD (ACC),IE00B5BMR087,EAM,XAMS,5,"490,3500",EUR,"-2451,75",EUR,"-2451,75",,"0,00","-3,00","-2454,75",fb0bfe5a-0227-4015-9cd5-d3b0e12bab5f
21-02-2024,17:43,APPLE INC,US0378331005,NDQ,ARCX,-14,"182,1200",USD,"2549,68",USD,"2357,12","1,0817","-5,89","-2,00","2349,23",aed3785b-f2c7-464f-b3fe-18130bb4bb51
21-02-2024,09:46,ISHARES MSCI INDIA UCITS USD (ACC) ETF,IE00BZCQB185,EAM,XAMS,238,"8,3837",EUR,"-1995,32",EUR,"-1995,32",,"0,00","-3,00","-1998,32",7765eaaf-9779-47c9-9f52-a7ff9355c9b5
16-02-2024,19:23,TRADE DESK INC CLASS A,US88339J1051,NDQ,XNAS,-35,"89,7600",USD,"3141,60",USD,"2915,37","1,0776","0,00","-2,00","2913,37",e95a32f0-6bba-43d4-9961-dd2f5fc8119c
07-02-2024,14:08,INVITAE CORPORATION CO,US46185L1035,OTC,,540,"0,0891",USD,"-48,11",USD,"-43,98","1,0940","0,00",,"-43,98",
07-02-2024,14:08,INVITAE CORPORATION CO,US46185L1035,NSY,,-540,"0,0891",USD,"48,11",USD,"43,98","1,0940","0,00",,"43,98",
06-02-2024,09:05,ISHARES MSCI INDIA UCITS USD (ACC) ETF,IE00BZCQB185,EAM,XAMS,150,"8,2857",EUR,"-1242,86",EUR,"-1242,86",,"0,00","-3,00","-1245,86",07704c11-3b32-4f79-8730-7fbf1e66e8c0
18-01-2024,16:11,CROCS INC,US2270461096,NDQ,SOHO,-10,"99,1717",USD,"991,72",USD,"913,27","1,0859","0,00","-2,00","911,27",b9db7e0e-d807-4203-a10f-adfbd9be2821
15-01-2024,13:39,ATOS SE,FR0000051732,EPA,XPAR,100,"4,2260",EUR,"-422,60",EUR,"-422,60",,"0,00","-4,90","-427,50",1279d248-0425-4940-95be-fdb9270ec914
12-01-2024,15:37,ATOS SE,FR0000051732,EPA,XPAR,100,"5,2480",EUR,"-524,80",EUR,"-524,80",,"0,00","-4,90","-529,70",0051d939-c7cb-4229-9471-e727d828c8c6
08-01-2024,14:25,BYD CO LTD,CNE100000296,TDG,XGAT,50,"24,0000",EUR,"-1200,00",EUR,"-1200,00",,"0,00","-3,90","-1203,90",769e8372-c064-4d34-9038-1e697f849eb4
03-01-2024,14:06,BE SEMICONDUCTOR INDUSTRIES NV,NL0012866412,EAM,MESI,-6,"131,7500",EUR,"790,50",EUR,"790,50",,"0,00",,"790,50",64358f60-0f1a-45e7-b200-0eada546cab8
03-01-2024,14:06,BE SEMICONDUCTOR INDUSTRIES NV,NL0012866412,EAM,XAMS,-7,"131,7500",EUR,"922,25",EUR,"922,25",,"0,00","-3,00","919,25",64358f60-0f1a-45e7-b200-0eada546cab8
03-01-2024,11:30,ALFEN NV,NL0012817175,EAM,XAMS,-20,"54,0000",EUR,"1080,00",EUR,"1080,00",,"0,00","-3,00","1077,00",ac287510-eb90-4074-a815-987c46926c65
28-12-2023,15:42,VIVORYON THERAPEUTICS NV,NL00150002Q7,EAM,XAMS,100,"7,9900",EUR,"-799,00",EUR,"-799,00",,"0,00","-3,00","-802,00",e2e44bf5-5f70-4f1c-8698-e4aa7c49e1b5
22-12-2023,15:41,SUNRUN INC,US86771W1053,NDQ,EDGX,-30,"19,6000",USD,"588,00",USD,"532,85","1,1035","0,00","-2,00","530,85",8f121a6c-1545-496e-be5f-19e2735cc74f
22-12-2023,15:38,SUNRUN INC,US86771W1053,NDQ,XNAS,-36,"19,5500",USD,"703,80",USD,"637,96","1,1032","0,00","-2,00","635,96",86d66d9e-108f-47a7-a16a-26414ee22ff2
20-12-2023,21:41,FORTINET INC,US34959E1091,NDQ,ARCX,-20,"57,4500",USD,"1149,00",USD,"1050,08","1,0942","0,00","-2,00","1048,08",ec213264-1c6a-4a42-a374-66a69202feac
06-12-2023,12:10,ATOS SE,FR0000051732,EPA,XPAR,85,"5,8600",EUR,"-498,10",EUR,"-498,10",,"0,00","-4,90","-503,00",6edc8628-b7e2-4bfe-91ef-70ba6cab4fc3
27-11-2023,16:17,ISHARES CORE S&P 500 UCITS ETF USD (ACC),IE00B5BMR087,EAM,XAMS,10,"436,1100",EUR,"-4361,10",EUR,"-4361,10",,"0,00","-3,00","-4364,10",622e190c-8810-4be2-9350-ec301e163b45
27-11-2023,16:10,VNGRD FTSE ALL-WLD HGH DIV YLD UCITS ETF USD D,IE00B8GKDB10,EAM,XAMS,-32,"54,6000",EUR,"1747,20",EUR,"1747,20",,"0,00","-1,00","1746,20",e8c45398-3f29-4789-a172-348beea53e72
27-11-2023,16:09,VANGUARD FTSE ALL-WORLD UCITS ETF USD DIS,IE00B3RBWM25,EAM,XAMS,-17,"103,9200",EUR,"1766,64",EUR,"1766,64",,"0,00",,"1766,64",2ac2fe5b-f294-496a-a762-3ccf32e8d1ba
27-11-2023,16:09,VANGUARD FTSE ALL-WORLD UCITS ETF USD DIS,IE00B3RBWM25,EAM,XAMS,-1,"103,9200",EUR,"103,92",EUR,"103,92",,"0,00","-1,00","102,92",2ac2fe5b-f294-496a-a762-3ccf32e8d1ba
24-11-2023,12:45,AMG CRITICAL MATERIALS NV,NL0000888691,EAM,CEUX,20,"20,9800",EUR,"-419,60",EUR,"-419,60",,"0,00",,"-419,60",e0d20a0e-85c4-419b-9b7d-2ac88e5f9cda
24-11-2023,12:45,AMG CRITICAL MATERIALS NV,NL0000888691,EAM,XAMS,5,"20,9800",EUR,"-104,90",EUR,"-104,90",,"0,00","-3,00","-107,90",e0d20a0e-85c4-419b-9b7d-2ac88e5f9cda
14-11-2023,11:34,SIEMENS ENERGY AG,DE000ENER6Y0,XET,XETA,50,"10,1000",EUR,"-505,00",EUR,"-505,00",,"0,00","-4,90","-509,90",32005ced-f5c9-4183-a8ad-571175f5766b
13-11-2023,16:44,ALFEN NV,NL0012817175,EAM,XAMS,-30,"44,6300",EUR,"1338,90",EUR,"1338,90",,"0,00","-3,00","1335,90",3e027720-29e9-45f1-b33a-08ec93637862
10-11-2023,20:49,TRADE DESK INC CLASS A,US88339J1051,NDQ,XNAS,15,"65,0000",USD,"-975,00",USD,"-912,84","1,0681","0,00","-2,00","-914,84",c8b40387-ce7b-44d9-b0bd-243dff248364
10-11-2023,15:52,ON SEMICONDUCTOR CORP,US6821891057,NDQ,MEMX,-8,"66,0000",USD,"528,00",USD,"494,66","1,0674","0,00","-2,00","492,66",9f86759f-022d-4eea-a48e-cd171d8ffdf0
10-11-2023,15:37,ADR ON TAIWAN SEMICONDUCTOR MANUFACTURING CO LTD,US8740391003,NSY,XNAS,-15,"95,0000",USD,"1425,00",USD,"1334,64","1,0677","0,00","-2,00","1332,64",7f658e65-9c78-4974-9ad0-cb274e85b686
02-11-2023,16:00,FORTINET INC,US34959E1091,NDQ,ARCX,20,"57,5000",USD,"-1150,00",USD,"-1081,03","1,0638","0,00","-2,00","-1083,03",8299289c-ecbc-4e3d-bb9b-d3fe4cf66484
25-10-2023,12:26,ADYEN NV,NL0012969182,EAM,MESI,1,"628,5000",EUR,"-628,50",EUR,"-628,50",,"0,00","-3,00","-631,50",6016f624-1801-4188-a53b-93d0363c18d2
23-10-2023,16:18,VIVORYON THERAPEUTICS NV,NL00150002Q7,EAM,XAMS,60,"8,1800",EUR,"-490,80",EUR,"-490,80",,"0,00","-3,00","-493,80",f86df698-8cf9-4940-afb7-bc8d46f4c7ce
17-10-2023,09:01,ADYEN NV,NL0012969182,EAM,MESI,1,"716,0000",EUR,"-716,00",EUR,"-716,00",,"0,00",,"-716,00",bd717395-dbe0-4448-838e-b7d08b1bfee4
17-10-2023,09:01,ADYEN NV,NL0012969182,EAM,XAMS,1,"716,0000",EUR,"-716,00",EUR,"-716,00",,"0,00","-3,00","-719,00",bd717395-dbe0-4448-838e-b7d08b1bfee4
16-10-2023,16:54,UNITY SOFTWARE INC,US91332U1016,NSY,MEMX,20,"27,8500",USD,"-557,00",USD,"-528,11","1,0547","0,00","-2,00","-530,11",2bfa5ab1-7686-48dc-9e80-de614a769019
16-10-2023,16:49,VANECK SEMICONDUCTOR UCITS ETF USD A,IE00BMC38736,MIL,MSEU,100,"26,4100",EUR,"-2641,00",EUR,"-2641,00",,"0,00","-1,00","-2642,00",07914ae2-551f-4dc3-a9fa-134e9256fe9b
16-10-2023,16:49,SHOPIFY INC. CLASS A S,CA82509L1076,NSY,CDED,30,"53,1450",USD,"-1594,35",USD,"-1510,80","1,0553","0,00","-2,00","-1512,80",13c0897b-d1d3-45dc-bf74-798dd5c82f8d
13-10-2023,16:19,ALFEN NV,NL0012817175,EAM,XAMS,3,"34,5300",EUR,"-103,59",EUR,"-103,59",,"0,00",,"-103,59",e6540864-d27d-4a4e-89b6-381df5f31f6f
13-10-2023,16:19,ALFEN NV,NL0012817175,EAM,XAMS,17,"34,5300",EUR,"-587,01",EUR,"-587,01",,"0,00","-3,00","-590,01",e6540864-d27d-4a4e-89b6-381df5f31f6f
29-09-2023,10:09,VANECK SEMICONDUCTOR UCITS ETF USD A,IE00BMC38736,MIL,ETFP,20,"25,5800",EUR,"-511,60",EUR,"-511,60",,"0,00",,"-511,60",7c5220ba-ca83-4524-a22c-6ac42358ad94
29-09-2023,10:09,VANECK SEMICONDUCTOR UCITS ETF USD A,IE00BMC38736,MIL,ETFP,50,"25,5800",EUR,"-1279,00",EUR,"-1279,00",,"0,00",,"-1279,00",7c5220ba-ca83-4524-a22c-6ac42358ad94
29-09-2023,10:09,VANECK SEMICONDUCTOR UCITS ETF USD A,IE00BMC38736,MIL,ETFP,50,"25,5800",EUR,"-1279,00",EUR,"-1279,00",,"0,00","-1,00","-1280,00",7c5220ba-ca83-4524-a22c-6ac42358ad94
15-09-2023,16:54,VNGRD FTSE ALL-WLD HGH DIV YLD UCITS ETF USD D,IE00B8GKDB10,EAM,XAMS,1,"56,5000",EUR,"-56,50",EUR,"-56,50",,"0,00","-1,00","-57,50",a9871c4f-c405-4646-9a6a-0bea8ad36e06
31-08-2023,16:00,SALESFORCE INC,US79466L3024,NSY,XNYS,-6,"227,0000",USD,"1362,00",USD,"1255,42","1,0849","0,00","-2,00","1253,42",e13a8780-3f57-4a20-b653-0e54a685e68b
24-08-2023,15:49,HIMS & HERS HEALTH INC CLASS A,US4330001060,NSY,CDED,60,"6,7800",USD,"-406,80",USD,"-375,35","1,0838","0,00","-2,00","-377,35",c8f114fb-d554-4a78-a23f-9e7a53e0cebe
24-08-2023,15:48,META PLATFORMS INC CLASS A,US30303M1027,NDQ,MSCO,4,"295,7300",USD,"-1182,92",USD,"-1091,25","1,0840","0,00","-2,00","-1093,25",ae28078c-f17c-4b73-a931-8743d38ad3af
24-08-2023,15:42,DRAFTKINGS INC CLASS A,US26142V1052,NDQ,XNAS,2,"27,8000",USD,"-55,60",USD,"-51,34","1,0830","0,00",,"-51,34",ad820086-0221-4b7e-81b3-e0a934c7f471
24-08-2023,15:42,DRAFTKINGS INC CLASS A,US26142V1052,NDQ,XNAS,28,"27,8000",USD,"-778,40",USD,"-718,74","1,0830","0,00","-2,00","-720,74",ad820086-0221-4b7e-81b3-e0a934c7f471
24-08-2023,15:41,INVITAE CORPORATION CO,US46185L1035,NSY,CDED,300,"0,9118",USD,"-273,54",USD,"-252,53","1,0832","0,00","-2,00","-254,53",38903862-3c93-4c5e-9756-24284489e3d8
24-08-2023,15:38,UNITY SOFTWARE INC,US91332U1016,NSY,XNYS,10,"34,6300",USD,"-346,30",USD,"-319,88","1,0826","0,00","-2,00","-321,88",f5074e51-e19a-41f7-b796-6404d5584ce6
24-08-2023,15:37,ADR ON TAIWAN SEMICONDUCTOR MANUFACTURING CO LTD,US8740391003,NSY,MEMX,15,"95,2500",USD,"-1428,75",USD,"-1319,74","1,0826","0,00","-2,00","-1321,74",83422606-ca09-4bd9-babc-3c779a6093f2
24-08-2023,15:35,CROCS INC,US2270461096,NDQ,XNAS,10,"98,3700",USD,"-983,70",USD,"-908,81","1,0824","0,00","-2,00","-910,81",0e02e332-b108-46db-a0a3-92f6fa0e76d6
24-08-2023,15:34,ALPHABET INC CLASS A,US02079K3059,NDQ,EDGX,10,"133,0000",USD,"-1330,00",USD,"-1228,41","1,0827","0,00","-2,00","-1230,41",3ef30c4b-49bc-4efc-8125-e089209493ba
24-08-2023,15:32,SHOPIFY INC. CLASS A S,CA82509L1076,NSY,CDED,15,"56,6900",USD,"-850,35",USD,"-785,40","1,0827","0,00","-2,00","-787,40",a6b07eb2-547f-4e03-89eb-c3b5d90e8254
24-08-2023,15:31,MICROSOFT CORP,US5949181045,NDQ,EDGX,4,"331,0000",USD,"-1324,00",USD,"-1222,53","1,0830","0,00","-2,00","-1224,53",269355de-1b3b-4f9d-b847-961d9accef63
24-08-2023,15:31,SIEMENS ENERGY AG,DE000ENER6Y0,XET,XETA,35,"12,9600",EUR,"-453,60",EUR,"-453,60",,"0,00","-4,90","-458,50",1bebedb3-42d7-4007-aa75-8015fc5bb47f
24-08-2023,15:24,AMG CRITICAL MATERIALS NV,NL0000888691,EAM,XTXE,16,"31,6100",EUR,"-505,76",EUR,"-505,76",,"0,00",,"-505,76",838ad5a2-cb98-4d0f-b709-bcc9fbc56caf
24-08-2023,15:24,AMG CRITICAL MATERIALS NV,NL0000888691,EAM,XAMS,4,"31,6100",EUR,"-126,44",EUR,"-126,44",,"0,00","-3,00","-129,44",838ad5a2-cb98-4d0f-b709-bcc9fbc56caf
24-08-2023,15:24,ATOS SE,FR0000051732,EPA,XPAR,50,"6,8500",EUR,"-342,50",EUR,"-342,50",,"0,00","-4,90","-347,40",619976d1-e066-4e47-8830-6cc28dc6087d
30-06-2023,16:33,ADR ON NIO INC CLASS A ORD SHS,US62914V1061,NSY,CDED,50,"9,9600",USD,"-498,00",USD,"-455,92","1,0923","0,00","-2,00","-457,92",a2e7b35d-52b1-4c34-a961-59b031b0153b
30-06-2023,11:46,SIEMENS ENERGY AG,DE000ENER6Y0,XET,XETA,32,"16,1800",EUR,"-517,76",EUR,"-517,76",,"0,00","-4,90","-522,66",8003df05-fde6-47bf-9091-a0b3d9286f70
28-06-2023,17:01,ALFEN NV,NL0012817175,EAM,XAMS,17,"57,5000",EUR,"-977,50",EUR,"-977,50",,"0,00","-3,00","-980,50",4f26df88-47f6-40b2-845c-e00608b934d7
22-06-2023,17:23,SUNRUN INC,US86771W1053,NDQ,MEMX,32,"17,8000",USD,"-569,60",USD,"-519,76","1,0959","0,00","-2,00","-521,76",701067b1-0ad1-4ba2-b043-6b9002f7096e
22-06-2023,17:17,TRADE DESK INC CLASS A,US88339J1051,NDQ,MEMX,10,"76,7100",USD,"-767,10",USD,"-699,65","1,0964","0,00","-2,00","-701,65",75b83e3b-067c-48fd-83fa-2f3b4f23809b
02-06-2023,21:37,PAYPAL HOLDINGS INC,US70450Y1038,NDQ,CDED,-8,"63,9750",USD,"511,80",USD,"477,92","1,0709","0,00","-2,00","475,92",7b2dc767-8414-4a69-bdc4-ff0ebe54fb2e
01-06-2023,21:25,SALESFORCE INC,US79466L3024,NSY,CDED,6,"213,9500",USD,"-1283,70",USD,"-1192,92","1,0761","0,00","-2,00","-1194,92",6b1b72db-a4a3-4c6b-961d-6cf08a5c3d3a
01-06-2023,15:30,SALESFORCE INC,US79466L3024,NSY,CDED,-10,"208,0700",USD,"2080,70",USD,"1942,22","1,0713","0,00","-2,00","1940,22",5ada0876-56e1-41b1-93da-5d3d631c57db
31-05-2023,10:04,BE SEMICONDUCTOR INDUSTRIES NV,NL0012866412,EAM,XTXE,6,"104,3000",EUR,"-625,80",EUR,"-625,80",,"0,00",,"-625,80",5f97c42c-61ab-49e3-ad2c-83c5aa298666
31-05-2023,10:04,BE SEMICONDUCTOR INDUSTRIES NV,NL0012866412,EAM,XAMS,1,"104,3000",EUR,"-104,30",EUR,"-104,30",,"0,00","-3,00","-107,30",5f97c42c-61ab-49e3-ad2c-83c5aa298666
30-05-2023,19:23,ADR ON STMICROELECTRONICS NV,US8610121027,NSY,CDED,-8,"43,4700",USD,"347,76",USD,"324,46","1,0718","0,00",,"324,46",e59a1145-151c-46c0-a20a-070fca45c5da
30-05-2023,19:23,ADR ON STMICROELECTRONICS NV,US8610121027,NSY,CDED,-1,"43,4700",USD,"43,47",USD,"40,56","1,0718","0,00","-2,00","38,56",e59a1145-151c-46c0-a20a-070fca45c5da
30-05-2023,15:47,SALESFORCE INC,US79466L3024,NSY,XNAS,10,"219,0000",USD,"-2190,00",USD,"-2041,39","1,0728","0,00","-2,00","-2043,39",fa132dd1-6fe9-4f88-9d30-345555e8183e
30-05-2023,15:30,SALESFORCE INC,US79466L3024,NSY,XNYS,-6,"219,2700",USD,"1315,62",USD,"1225,77","1,0733","0,00","-2,00","1223,77",451bcb80-73b7-499e-a4d5-2ee488bc42a1
25-05-2023,12:52,KONINKLIJKE PHILIPS NV,NL0000009538,EAM,XAMS,-19,"18,0000",EUR,"342,00",EUR,"342,00",,"0,00","-3,00","339,00",be0b01b8-6ee7-4599-835e-a275cad4716b
24-05-2023,16:37,NVIDIA CORP,US67066G1040,NDQ,CDED,-7,"298,9500",USD,"2092,65",USD,"1943,22","1,0769","0,00","-2,00","1941,22",e6f98399-84d4-42a7-9482-70891ec2dec1
24-05-2023,10:54,VIVORYON THERAPEUTICS NV,NL00150002Q7,EAM,XAMS,70,"14,8800",EUR,"-1041,60",EUR,"-1041,60",,"0,00","-3,00","-1044,60",b927067e-6971-47bd-94fd-f30bd314f871
23-05-2023,15:59,CROCS INC,US2270461096,NDQ,CDED,-10,"106,8500",USD,"1068,50",USD,"990,91","1,0783","0,00","-2,00","988,91",97be3ecf-dc49-4540-9a78-05adc9de028e
23-05-2023,09:08,ZALANDO SE,DE000ZAL1111,XET,XETA,-15,"30,5500",EUR,"458,25",EUR,"458,25",,"0,00","-4,90","453,35",d636021f-c0a0-4ed9-b669-4dd2562401d1
17-05-2023,10:31,ALFEN NV,NL0012817175,EAM,XAMS,15,"67,3000",EUR,"-1009,50",EUR,"-1009,50",,"0,00","-3,00","-1012,50",3d8a993a-0539-4311-b0e5-78544519dd11
16-05-2023,15:49,STARBUCKS CORP,US8552441094,NDQ,CDED,-3,"106,3200",USD,"318,96",USD,"293,08","1,0883","0,00","-2,00","291,08",e37c80e8-4ac2-4901-adcf-ca16a3c0623b
15-05-2023,11:40,TENCENT HOLDINGS LTD,KYG875721634,TDG,XGAT,-10,"39,8300",EUR,"398,30",EUR,"398,30",,"0,00","-3,90","394,40",4c916217-125c-4ee1-bd86-76acfad79b40
11-05-2023,00:00,PHILIPS KON - NON TRADEABLE,NL0000009538,DEG,,0,"0,0000",EUR,"0,00",EUR,"0,00",,"0,00",,"0,00",
09-05-2023,20:18,TRADE DESK INC CLASS A,US88339J1051,NDQ,CDED,5,"64,3800",USD,"-321,90",USD,"-293,54","1,0966","0,00",,"-293,54",d564336d-fbde-49a4-b13b-a79af3a29a0e
09-05-2023,20:18,TRADE DESK INC CLASS A,US88339J1051,NDQ,CDED,2,"64,3800",USD,"-128,76",USD,"-117,42","1,0966","0,00",,"-117,42",d564336d-fbde-49a4-b13b-a79af3a29a0e
09-05-2023,20:18,TRADE DESK INC CLASS A,US88339J1051,NDQ,CDED,2,"64,3800",USD,"-128,76",USD,"-117,42","1,0966","0,00",,"-117,42",d564336d-fbde-49a4-b13b-a79af3a29a0e
09-05-2023,20:18,TRADE DESK INC CLASS A,US88339J1051,NDQ,CDED,1,"64,3800",USD,"-64,38",USD,"-58,71","1,0966","0,00","-1,00","-59,71",d564336d-fbde-49a4-b13b-a79af3a29a0e
02-05-2023,15:38,AMAZON.COM INC,US0231351067,NDQ,ARCX,4,"102,0000",USD,"-408,00",USD,"-372,50","1,0953","0,00","-1,00","-373,50",7fd69c6f-e65b-4cbd-b789-7e9bc57113c1
02-05-2023,15:35,XENON PHARMACEUTICALS INC,CA98420N1050,NDQ,XNAS,-9,"40,0300",USD,"360,27",USD,"328,89","1,0954","0,00","-1,00","327,89",98e2884e-598a-4c1c-b2cc-d6c29576209c
20-04-2023,21:22,TESLA INC,US88160R1014,NDQ,XNAS,5,"161,2500",USD,"-806,25",USD,"-735,83","1,0957","0,00","-1,00","-736,83",d052a34a-3826-444a-800d-11fcfc67c7be
18-04-2023,10:05,ALFEN NV,NL0012817175,EAM,XAMS,15,"69,9400",EUR,"-1049,10",EUR,"-1049,10",,"0,00","-3,00","-1052,10",9f95f953-45e6-45d7-b962-8610c7a3992f
04-04-2023,16:27,PALANTIR TECHNOLOGIES INC-A,US69608A1088,NSY,CDED,-30,"8,3500",USD,"250,50",USD,"228,79","1,0949","0,00","-1,00","227,79",5f440c7e-d421-43f4-a4f2-c85f563575c3
31-03-2023,16:00,QUALCOMM INC,US7475251036,NDQ,XNAS,-4,"126,7800",USD,"507,12",USD,"465,50","1,0894","0,00","-1,00","464,50",d297024c-9afe-4040-8b78-808329d62692
27-03-2023,08:44,MEITUAN - NON TRADEABLE,RCC188527108,DEG,,-1,"17,0520",EUR,"17,05",EUR,"17,05",,"0,00",,"17,05",
27-03-2023,08:44,MEITUAN,KYG596691041,TDG,,1,"17,0520",EUR,"-17,05",EUR,"-17,05",,"0,00",,"-17,05",
22-03-2023,19:09,SUNRUN INC,US86771W1053,NDQ,ARCX,20,"19,0000",USD,"-380,00",USD,"-350,52","1,0841","0,00","-1,00","-351,52",4bc08494-f629-4d01-be8d-98a3d2e36ea6
22-03-2023,19:05,MICRON TECHNOLOGY INC,US5951121038,NDQ,CDED,-4,"59,6200",USD,"238,48",USD,"219,80","1,0850","0,00","-1,00","218,80",5b5c0fcd-b83a-44c6-9620-4e4bca968ed2
22-03-2023,19:03,EDITAS MEDICINE INC,US28106W1036,NDQ,XNAS,-20,"7,7300",USD,"154,60",USD,"142,70","1,0834","0,00","-1,00","141,70",51f64a76-f65a-4749-9d71-f8a068c6499b
03-03-2023,16:29,AMAZON.COM INC,US0231351067,NDQ,CDED,3,"94,6400",USD,"-283,92",USD,"-267,55","1,0612","0,00","-1,00","-268,55",2eb261a0-18b9-4948-89c9-a1f36f226f6e
03-03-2023,16:13,ENERGIZER HOLDINGS INC,US29272W1099,NSY,XNAS,-5,"36,9400",USD,"184,70",USD,"174,15","1,0606","0,00","-1,00","173,15",b5bf1a60-aa2c-4ea6-a97d-a678c8936435
03-03-2023,15:30,HIMS & HERS HEALTH INC CLASS A,US4330001060,NSY,XNYS,40,"10,4600",USD,"-418,40",USD,"-394,12","1,0616","0,00","-1,00","-395,12",e013d008-a95a-422e-92b2-3a82986b01cc
03-03-2023,10:27,SIEMENS ENERGY AG,DE000ENER6Y0,XET,XETA,10,"19,6000",EUR,"-196,00",EUR,"-196,00",,"0,00","-4,90","-200,90",7c70aa52-edbf-4b1d-96fd-19ac3c866b09
03-03-2023,10:24,ATOS SE,FR0000051732,EPA,XPAR,20,"14,1000",EUR,"-282,00",EUR,"-282,00",,"0,00","-4,90","-286,90",72d63433-12db-42de-89a7-5940ca9e22da
27-02-2023,10:14,THULE GROUP AB,SE0006422390,OMX,XSTO,-4,"222,0000",SEK,"888,00",SEK,"80,26","11,0635","-0,20",,"80,06",a7a704aa-ca5f-4ec5-addc-ff3e88258288
27-02-2023,10:06,THULE GROUP AB,SE0006422390,OMX,XSTO,-16,"222,0000",SEK,"3552,00",SEK,"321,13","11,0609","-0,80","-4,90","315,43",a7a704aa-ca5f-4ec5-addc-ff3e88258288
24-02-2023,16:12,AES CORP,US00130H1059,NSY,ARCX,-9,"25,1000",USD,"225,90",USD,"214,14","1,0549","0,00","-1,00","213,14",b275db3f-4f03-476a-9c9d-eeea07be03d5
22-02-2023,18:19,ADR ON VALE SA,US91912E1055,NSY,ARCX,-25,"16,9500",USD,"423,75",USD,"398,75","1,0627","0,00","-1,00","397,75",44ca64d9-e17a-4826-9451-4b107b6eda3e
17-01-2023,16:07,ADR ON NIO INC CLASS A ORD SHS,US62914V1061,NSY,MEMX,54,"11,4000",USD,"-615,60",USD,"-568,06","1,0837","-1,42","-1,00","-570,48",589c6ca0-5667-4a2c-81ee-0acf17fae588
17-01-2023,15:30,ADR ON NIO INC CLASS A ORD SHS,US62914V1061,NSY,CDED,-54,"11,3300",USD,"611,82",USD,"563,17","1,0864","-1,41","-1,00","560,76",f6e9a5fe-e2c1-48a9-8cd8-6fa64c5b10aa
13-01-2023,21:46,ADR ON NIO INC CLASS A ORD SHS,US62914V1061,NSY,MEMX,54,"11,7500",USD,"-634,50",USD,"-585,77","1,0832","-1,46","-1,00","-588,23",3b6ac19d-6b8b-44ae-95e7-4a11b6b07d5c
13-01-2023,16:09,CISCO SYSTEMS INC,US17275R1023,NDQ,CDED,-7,"48,5650",USD,"339,96",USD,"314,16","1,0821","-0,79","-1,00","312,38",50ad8691-826c-409b-be2c-6d1ea88916c0
13-01-2023,15:51,1LIFE HEALTHCARE INC,US68269G1076,NDQ,ARCX,-9,"16,5000",USD,"148,50",USD,"137,34","1,0813","-0,34","-1,00","135,99",e0546999-99a8-4299-8272-7ae1f2282eef
13-01-2023,15:36,ASPEN PHARMACARE HOLDINGS LTD,ZAE000066692,TDG,XGAT,-20,"7,7500",EUR,"155,00",EUR,"155,00",,"0,00","-3,90","151,10",4642ac0d-5189-4074-a3cf-94fcf6aae8f3
09-01-2023,09:40,MEITUAN - NON TRADEABLE,RCC188527108,DEG,,1,"22,3050",EUR,"-22,30",EUR,"-22,30",,"0,00",,"-22,30",
09-01-2023,09:40,MEITUAN - NON TRADEABLE,KYG596691041,DEG,,-1,"22,3050",EUR,"22,30",EUR,"22,30",,"0,00",,"22,30",
05-01-2023,00:00,MEITUAN - NON TRADEABLE,KYG596691041,DEG,,1,"0,0000",EUR,"0,00",EUR,"0,00",,"0,00",,"0,00",
27-12-2022,14:25,VNGRD FTSE ALL-WLD HGH DIV YLD UCITS ETF USD D,IE00B8GKDB10,EAM,XAMS,1,"55,1880",EUR,"-55,19",EUR,"-55,19",,"0,00",,"-55,19",de867a5a-e57c-48e9-97a5-1af09c0d02d4
12-12-2022,19:47,TESLA INC,US88160R1014,NDQ,BATS,3,"169,4100",USD,"-508,23",USD,"-483,25","1,0517","-1,21","-1,00","-485,46",2257e81a-2a8f-4457-94b7-9ac6b8ecbf92
07-12-2022,08:41,SWITCH INC - A,US87105L1044,NSY,,-9,"0,0000",USD,"0,00",USD,"0,00","1,0318","0,00",,"0,00",
28-10-2022,17:59,AMAZON.COM INC,US0231351067,NDQ,XNAS,5,"100,0000",USD,"-500,00",USD,"-503,27","0,9935","0,00","-1,00","-504,27",7d198b28-4c66-469c-8230-f68b43690c42
26-10-2022,16:51,ALPHABET INC CLASS A,US02079K3059,NDQ,CDED,4,"97,6000",USD,"-390,40",USD,"-388,54","1,0048","0,00","-1,00","-389,54",b8bf3c8d-45c1-44ff-a9df-3893d9128bd4
26-10-2022,16:50,TENCENT HOLDINGS LTD,KYG875721634,TDG,XGAT,5,"27,9950",EUR,"-139,98",EUR,"-139,98",,"0,00","-3,90","-143,88",4ef80ec7-473c-428a-b16c-edcb288c70e1
18-10-2022,15:46,SUNRUN INC,US86771W1053,NDQ,SOHO,4,"22,6300",USD,"-90,52",USD,"-91,80","0,9861","0,00","-1,00","-92,80",3818b34d-d5cd-4171-9538-424c71855004
18-10-2022,15:33,DRAFTKINGS INC CLASS A,US26142V1052,NDQ,CDED,15,"13,8500",USD,"-207,75",USD,"-210,51","0,9869","0,00","-1,00","-211,51",0208e4d6-0049-4b5d-adc8-4c6afc01254a
18-10-2022,15:31,HIMS & HERS HEALTH INC CLASS A,US4330001060,NSY,CDED,25,"4,4900",USD,"-112,25",USD,"-113,74","0,9869","0,00","-1,00","-114,74",c10e315e-52c1-44e2-8e0f-82f174d1a675
14-10-2022,09:23,THULE GROUP AB,SE0006422390,OMX,XSTO,10,"214,6000",SEK,"-2146,00",SEK,"-195,16","10,9961","-0,49","-4,90","-200,55",6d9cc612-8ca5-4b8e-b9ca-d2cec52a47ae
14-10-2022,09:15,ATOS SE,FR0000051732,EPA,XPAR,20,"8,6900",EUR,"-173,80",EUR,"-173,80",,"0,00","-4,90","-178,70",ad16fc71-779a-4715-8786-afaf192aeeeb
14-10-2022,09:09,ASML HOLDING NV,NL0010273215,EAM,XAMS,1,"418,6500",EUR,"-418,65",EUR,"-418,65",,"0,00","-3,00","-421,65",ee579947-19fa-4ba9-a913-46394a9e3662
12-10-2022,14:54,KONINKLIJKE PHILIPS NV,NL0000009538,EAM,XAMS,10,"13,7500",EUR,"-137,50",EUR,"-137,50",,"0,00","-3,00","-140,50",7dfb1be7-795d-4f46-9ee3-ff35fdb6a6e1
06-10-2022,09:19,VANGUARD FTSE ALL-WORLD UCITS ETF USD DIS,IE00B3RBWM25,EAM,XAMS,10,"96,5000",EUR,"-965,00",EUR,"-965,00",,"0,00",,"-965,00",13e566d8-b039-45bd-8519-b22da79c628e
04-10-2022,15:30,DRAFTKINGS INC CLASS A,US26142V1052,NDQ,XNAS,10,"16,1300",USD,"-161,30",USD,"-162,68","0,9915","0,00","-1,00","-163,68",acdf6172-5a77-4584-b8a7-d362cd65ee84
04-10-2022,15:30,PAYPAL HOLDINGS INC,US70450Y1038,NDQ,XNAS,4,"89,5400",USD,"-358,16",USD,"-361,23","0,9915","0,00","-1,00","-362,23",d29ce06d-21b1-42ca-92fc-edb18d46bbb7
03-10-2022,17:00,AMAZON.COM INC,US0231351067,NDQ,MEMX,4,"114,6000",USD,"-458,40",USD,"-467,14","0,9813","0,00","-1,00","-468,14",f01afbd8-30b2-44b2-ad3f-0ce7f58d55c0
03-10-2022,16:58,CROCS INC,US2270461096,NDQ,XNAS,4,"71,2600",USD,"-285,04",USD,"-290,26","0,9820","0,00","-1,00","-291,26",95fe0457-2b67-4463-b730-923174ef4794
03-10-2022,16:55,VNGRD FTSE ALL-WLD HGH DIV YLD UCITS ETF USD D,IE00B8GKDB10,EAM,XAMS,30,"52,9180",EUR,"-1587,54",EUR,"-1587,54",,"0,00",,"-1587,54",a3305574-73b9-422f-9fb2-dc046fdb28bd
03-10-2022,16:07,TESLA INC,US88160R1014,NDQ,ARCX,2,"248,2000",USD,"-496,40",USD,"-506,69","0,9797","0,00","-1,00","-507,69",bc514131-ea23-4daf-835b-3e637d8e8425
03-10-2022,16:03,APPLE INC,US0378331005,NDQ,BATS,1,"140,0000",USD,"-140,00",USD,"-142,94","0,9794","0,00",,"-142,94",28203416-d412-4065-b0af-93d06df8b93c
03-10-2022,16:03,APPLE INC,US0378331005,NDQ,BATS,4,"140,0000",USD,"-560,00",USD,"-571,78","0,9794","0,00","-1,00","-572,78",28203416-d412-4065-b0af-93d06df8b93c
28-09-2022,15:16,VIVORYON THERAPEUTICS NV,NL00150002Q7,EAM,XAMS,-2,"8,5800",EUR,"17,16",EUR,"17,16",,"0,00",,"17,16",218bea69-af53-4fbb-9f4c-6c2259441749
28-09-2022,15:16,VIVORYON THERAPEUTICS NV,NL00150002Q7,EAM,XAMS,-23,"8,5800",EUR,"197,34",EUR,"197,34",,"0,00","-3,00","194,34",218bea69-af53-4fbb-9f4c-6c2259441749
27-09-2022,17:27,ATOS SE,FR0000051732,EPA,XPAR,10,"7,7500",EUR,"-77,50",EUR,"-77,50",,"0,00","-4,90","-82,40",b5ba8c22-3f42-4328-b3f2-4aa8654f5e2a
22-09-2022,12:10,THULE GROUP AB,SE0006422390,OMX,HREU,10,"218,8000",SEK,"-2188,00",SEK,"-201,41","10,8633","-0,50","-4,90","-206,82",67506b6a-d072-4200-9530-6024732fa10b
21-09-2022,16:48,PALANTIR TECHNOLOGIES INC-A,US69608A1088,NSY,SOHO,30,"7,8584",USD,"-235,75",USD,"-238,35","0,9891","-0,60","-1,00","-239,95",289a9ef6-62dc-4840-81b9-f568651f619b
21-09-2022,16:48,TENCENT HOLDINGS LTD,KYG875721634,TDG,XGAT,5,"36,8000",EUR,"-184,00",EUR,"-184,00",,"0,00","-3,90","-187,90",37260ddf-67a8-454b-ab31-88564bd7b7d3
21-09-2022,16:44,TESLA INC,US88160R1014,NDQ,XNAS,1,"307,4500",USD,"-307,45",USD,"-310,75","0,9894","-0,78","-1,00","-312,52",1d18a2de-6887-4e70-b70f-0c882eeb7d97
20-09-2022,17:33,NVIDIA CORP,US67066G1040,NDQ,ARCX,3,"133,9800",USD,"-401,94",USD,"-402,63","0,9983","-1,01","-1,00","-404,63",ef798b83-6c3e-437a-a1f8-bda1acccccb9
20-09-2022,17:00,WARNER BROS DISCOVERY INC,US9344231041,NDQ,XNAS,-19,"13,0000",USD,"247,00",USD,"247,15","0,9994","-0,62","-1,00","245,53",8e97f334-a01a-4602-9b02-6e87d0fdd4c5
14-09-2022,16:38,ALPHABET INC CLASS A,US02079K3059,NDQ,CDED,6,"104,4300",USD,"-626,58",USD,"-628,03","0,9977","-1,57","-1,00","-630,60",9a404bcd-19ef-4ffb-bf8c-2fcae60eb730
14-09-2022,16:35,ATOS SE,FR0000051732,EPA,XPAR,20,"9,1100",EUR,"-182,20",EUR,"-182,20",,"0,00","-4,90","-187,10",151449e4-0438-4112-98da-591f30f0bab5
14-09-2022,16:35,MICRON TECHNOLOGY INC,US5951121038,NDQ,BATS,4,"53,0000",USD,"-212,00",USD,"-212,40","0,9981","-0,53","-1,00","-213,94",a3d53fd5-0ac9-4428-a614-168f7be72914
25-08-2022,09:03,VIVORYON THERAPEUTICS NV,NL00150002Q7,EAM,XAMS,10,"8,2200",EUR,"-82,20",EUR,"-82,20",,"0,00","-2,50","-84,70",3c811b9e-995e-4644-8fb1-5dc05968ecc6
24-08-2022,17:21,ZALANDO SE,DE000ZAL1111,XET,XETA,5,"24,9200",EUR,"-124,60",EUR,"-124,60",,"0,00","-4,40","-129,00",5d6e6ab6-102b-4243-9a50-cdf64acccd81
24-08-2022,16:08,XENON PHARMACEUTICALS INC,CA98420N1050,NDQ,SOHO,5,"40,5095",USD,"-202,55",USD,"-204,33","0,9913","-0,51","-0,50","-205,34",0d1d9912-ddfb-4d7b-b53d-22531b48f7a3
24-08-2022,16:01,SUNRUN INC,US86771W1053,NDQ,CDED,4,"33,9900",USD,"-135,96",USD,"-137,04","0,9921","-0,34","-0,50","-137,89",ae60e490-c135-4c07-aca2-7acad0186fae
24-08-2022,15:57,AMG CRITICAL MATERIALS NV,NL0000888691,EAM,MESI,4,"27,7200",EUR,"-110,88",EUR,"-110,88",,"0,00","-2,50","-113,38",6c540887-f664-493f-a5a4-b443addbd443
24-08-2022,15:55,INVITAE CORPORATION CO,US46185L1035,NSY,BATS,30,"3,4300",USD,"-102,90",USD,"-103,67","0,9926","-0,26","-0,50","-104,43",7c5c3fab-d50e-47d5-862b-2d09dcfae5da
24-08-2022,15:54,ON SEMICONDUCTOR CORP,US6821891057,NDQ,CDED,3,"70,6800",USD,"-212,04",USD,"-213,62","0,9926","-0,53","-0,50","-214,66",8f570aaa-c798-4a94-8c18-59f71e312ad2
24-08-2022,15:51,DRAFTKINGS INC CLASS A,US26142V1052,NDQ,CDED,9,"17,4800",USD,"-157,32",USD,"-158,56","0,9922","-0,40","-0,50","-159,45",412885c8-4f44-4812-9915-ae14504197bf
24-08-2022,15:48,AES CORP,US00130H1059,NSY,SOHO,3,"24,9850",USD,"-74,96",USD,"-75,55","0,9921","-0,19","-0,50","-76,24",8075e04a-e48b-4cc8-80a7-efe2a5584a34
24-08-2022,15:45,ADR ON VALE SA,US91912E1055,NSY,SOHO,10,"13,6500",USD,"-136,50",USD,"-137,60","0,9920","-0,34","-0,50","-138,45",a9cc476b-6b69-44f4-b268-6b9286e6f45d
24-08-2022,11:10,HEINEKEN NV,NL0000009165,EAM,XAMS,-3,"94,3400",EUR,"283,02",EUR,"283,02",,"0,00","-2,50","280,52",91326a84-f80b-4004-b7da-3b14b3ec02e5
24-08-2022,10:25,ALFEN NV,NL0012817175,EAM,XAMS,9,"102,5000",EUR,"-922,50",EUR,"-922,50",,"0,00","-2,50","-925,00",283997f7-2560-4db1-b995-897f6fe33f4e
04-08-2022,18:26,1LIFE HEALTHCARE INC,US68269G1076,NDQ,CDED,3,"16,9400",USD,"-50,82",USD,"-49,69","1,0228","-0,12","-0,50","-50,31",b88457a4-f573-43be-8a39-a4d4b898b170
04-08-2022,17:04,CROCS INC,US2270461096,NDQ,ARCX,1,"68,0000",USD,"-68,00",USD,"-66,62","1,0207","-0,17","-0,50","-67,29",a8e0ace0-9196-41dd-9a2c-f2cdff80a7af
04-08-2022,15:59,ASPEN PHARMACARE HOLDINGS LTD,ZAE000066692,TDG,XGAT,10,"8,3500",EUR,"-83,50",EUR,"-83,50",,"0,00","-3,90","-87,40",a92a1dda-e92b-4739-aad8-df75111ceff3
04-08-2022,15:30,SUNRUN INC,US86771W1053,NDQ,XNAS,2,"32,6000",USD,"-65,20",USD,"-64,02","1,0184","-0,16","-0,50","-64,68",677427ba-b0a0-4cdd-960e-4e968e6880d0
04-08-2022,15:30,STARBUCKS CORP,US8552441094,NDQ,XNAS,1,"87,2200",USD,"-87,22",USD,"-85,65","1,0183","-0,21","-0,50","-86,37",b7ed2744-fe22-40f0-8b8c-2fc0a19ea763
04-08-2022,15:30,SWITCH INC - A,US87105L1044,NSY,XNYS,4,"33,9000",USD,"-135,60",USD,"-133,16","1,0183","-0,33","-0,50","-134,00",b6858574-d765-4ab6-a1dd-214926ad48fd
04-08-2022,15:30,ENERGIZER HOLDINGS INC,US29272W1099,NSY,XNYS,3,"30,3500",USD,"-91,05",USD,"-89,41","1,0183","-0,22","-0,50","-90,14",00e532ce-323c-41ef-a98b-209513c5d4d9
04-08-2022,15:30,HIMS & HERS HEALTH INC CLASS A,US4330001060,NSY,XNYS,10,"6,5400",USD,"-65,40",USD,"-64,22","1,0184","-0,16","-0,50","-64,88",6401841a-8946-48ea-8afe-bbba00031e9e
04-08-2022,13:08,KONINKLIJKE PHILIPS NV,NL0000009538,EAM,XAMS,3,"19,8900",EUR,"-59,67",EUR,"-59,67",,"0,00","-2,50","-62,17",2d67cb74-e0df-4162-a076-e58c1308617d
04-08-2022,09:04,ZALANDO SE,DE000ZAL1111,XET,XETA,10,"28,0000",EUR,"-280,00",EUR,"-280,00",,"0,00","-4,40","-284,40",e72f0d1c-fabf-4a2e-99a9-c1d6f5993efa
29-07-2022,15:30,SUNRUN INC,US86771W1053,NDQ,XNAS,2,"30,5900",USD,"-61,18",USD,"-60,22","1,0159","-0,15","-0,50","-60,87",b0678c6f-a26d-4b82-b9bd-575a4c13152f
29-07-2022,14:05,VASTNED,NL0000288918,EAM,XAMS,-2,"24,0000",EUR,"48,00",EUR,"48,00",,"0,00","-2,50","45,50",8349567f-46e1-4b24-84be-30d2fbf00f4c
27-07-2022,15:54,SHOPIFY INC. CLASS A S,CA82509L1076,NSY,CDED,2,"32,8800",USD,"-65,76",USD,"-64,90","1,0132","-0,16","-0,50","-65,57",73fc358e-9f5d-454c-af6e-f652cc75d615
27-07-2022,15:49,AMAZON.COM INC,US0231351067,NDQ,CDED,1,"118,5000",USD,"-118,50",USD,"-116,96","1,0132","-0,29","-0,50","-117,75",34ae9d7a-0a50-49df-8511-9ca9c71f0e98
27-07-2022,15:40,INVITAE CORPORATION CO,US46185L1035,NSY,CDED,50,"1,9150",USD,"-95,75",USD,"-94,34","1,0149","-0,24","-0,50","-95,08",eb0df4d0-9240-45bf-a398-950359c42f66
27-07-2022,15:37,EDITAS MEDICINE INC,US28106W1036,NDQ,CDED,2,"16,2100",USD,"-32,42",USD,"-31,96","1,0145","-0,08","-0,50","-32,54",ad699c29-2382-488d-a7fd-40b7b68083f9
27-07-2022,15:36,1LIFE HEALTHCARE INC,US68269G1076,NDQ,CDED,3,"16,8300",USD,"-50,49",USD,"-49,77","1,0145","-0,12","-0,50","-50,39",8cb51734-453e-4909-9b65-687c1002e4c0
27-07-2022,15:36,INVITAE CORPORATION CO,US46185L1035,NSY,CDED,50,"1,9150",USD,"-95,75",USD,"-94,39","1,0144","-0,24","-0,50","-95,13",44561baa-0a47-4b86-8c7a-68c2899f8090
27-07-2022,15:32,SHOPIFY INC. CLASS A S,CA82509L1076,NSY,XNYS,5,"31,4100",USD,"-157,05",USD,"-154,84","1,0143","-0,39","-0,50","-155,72",799fed9f-66ce-49e2-89bd-5d7df269ffc3
27-07-2022,15:30,1LIFE HEALTHCARE INC,US68269G1076,NDQ,XNAS,3,"16,9000",USD,"-50,70",USD,"-49,99","1,0143","-0,12","-0,50","-50,61",fbd5189b-9efc-43af-b259-daf4e7809928
27-07-2022,15:30,DRAFTKINGS INC CLASS A,US26142V1052,NDQ,XNAS,4,"13,0900",USD,"-52,36",USD,"-51,62","1,0143","-0,13","-0,50","-52,25",22df2cb1-1ee1-4bd6-95d3-a7f61a32f6d3
27-07-2022,15:30,CISCO SYSTEMS INC,US17275R1023,NDQ,XNAS,1,"44,0800",USD,"-44,08",USD,"-43,46","1,0143","-0,11","-0,50","-44,07",e64b6a52-f2fc-49ef-87cd-b57dceaf79bd
27-07-2022,15:30,EDITAS MEDICINE INC,US28106W1036,NDQ,XNAS,5,"16,5900",USD,"-82,95",USD,"-81,78","1,0143","-0,20","-0,50","-82,49",005eb78a-521d-4b4c-bf34-d00d013d82aa
27-07-2022,15:30,META PLATFORMS INC CLASS A,US30303M1027,NDQ,XNAS,1,"162,5400",USD,"-162,54",USD,"-160,27","1,0142","-0,40","-0,50","-161,17",f2f8c08c-fbba-4070-a7be-ee9ab84785a6
27-07-2022,15:30,UNITY SOFTWARE INC,US91332U1016,NSY,XNYS,4,"34,7000",USD,"-138,80",USD,"-136,86","1,0142","-0,34","-0,50","-137,70",2e0d466b-ae1c-4f91-8001-8613bd85c1f4
27-07-2022,15:30,HIMS & HERS HEALTH INC CLASS A,US4330001060,NSY,XNYS,10,"5,7400",USD,"-57,40",USD,"-56,59","1,0144","-0,14","-0,50","-57,23",b44e1a16-573a-4de1-901a-3265e90cf4e8
27-07-2022,15:30,INVITAE CORPORATION CO,US46185L1035,NSY,XNYS,40,"2,0100",USD,"-80,40",USD,"-79,26","1,0144","-0,20","-0,50","-79,96",1d8105e4-61c6-40e1-85b1-f2b4cd8478f3
27-07-2022,15:30,SALESFORCE INC,US79466L3024,NSY,XNYS,1,"174,9800",USD,"-174,98",USD,"-172,50","1,0144","-0,43","-0,50","-173,43",c592cc7c-8839-4e87-985d-d37197b75485
27-07-2022,14:38,AMG CRITICAL MATERIALS NV,NL0000888691,EAM,MESI,1,"24,4400",EUR,"-24,44",EUR,"-24,44",,"0,00","-2,50","-26,94",ace418ed-bd7c-49f0-88d7-925bc038a186
25-07-2022,16:23,KONINKLIJKE PHILIPS NV,NL0000009538,EAM,MESI,6,"19,8960",EUR,"-119,38",EUR,"-119,38",,"0,00","-2,50","-121,88",8ecdad17-feba-428e-b974-daa27267bf39
21-07-2022,19:37,SALESFORCE INC,US79466L3024,NSY,XNAS,3,"183,8900",USD,"-551,67",USD,"-541,97","1,0179","-1,35","-0,50","-543,83",e225bdcc-a01e-4d3e-8b3b-1a2247d6756b
21-07-2022,19:10,SHOPIFY INC. CLASS A S,CA82509L1076,NSY,CDED,4,"40,5100",USD,"-162,04",USD,"-159,11","1,0184","-0,40","-0,50","-160,01",0b75f909-0d44-49ee-ab91-f0acefe268fe
21-07-2022,15:30,QUALCOMM INC,US7475251036,NDQ,XNAS,2,"152,8800",USD,"-305,76",USD,"-300,65","1,0170","-0,75","-0,50","-301,90",733f9b7e-3d70-4dfe-9293-e5bef1f66ad9
21-07-2022,15:30,AMAZON.COM INC,US0231351067,NDQ,XNAS,1,"123,3400",USD,"-123,34",USD,"-121,27","1,0171","-0,30","-0,50","-122,07",fd5ac44b-79c5-4fe9-8adc-0ce21526f6d4
21-07-2022,15:30,NVIDIA CORP,US67066G1040,NDQ,XNAS,2,"178,6900",USD,"-357,38",USD,"-351,37","1,0171","-0,88","-0,50","-352,75",e3c35abd-602d-49cc-8bae-a75330f067e3
21-07-2022,15:30,CROCS INC,US2270461096,NDQ,XNAS,2,"62,1700",USD,"-124,34",USD,"-122,25","1,0171","-0,31","-0,50","-123,06",f1f13d1d-6e10-46ec-8dbc-3cb738cefd76
21-07-2022,09:24,ASM INTERNATIONAL NV,NL0000334118,EAM,MESI,2,"253,8500",EUR,"-507,70",EUR,"-507,70",,"0,00","-2,50","-510,20",26305984-f910-4dea-aad2-636915610a4c
21-07-2022,09:05,VANGUARD FTSE ALL-WORLD UCITS ETF USD DIS,IE00B3RBWM25,EAM,XAMS,3,"99,0100",EUR,"-297,03",EUR,"-297,03",,"0,00",,"-297,03",878d0983-fdba-4ed8-8759-c26b22a3dfa5
20-07-2022,17:49,SHOPIFY INC. CLASS A S,CA82509L1076,NSY,CDED,5,"37,3000",USD,"-186,50",USD,"-182,75","1,0205","-0,46","-0,50","-183,71",2a971ac9-2de0-45e9-81ae-b1027c8c9266
20-07-2022,17:17,AES CORP,US00130H1059,NSY,ARCX,4,"20,2400",USD,"-80,96",USD,"-79,36","1,0202","-0,20","-0,50","-80,06",37a4a1e6-0f4f-49ad-8a48-6b35350f33ef
20-07-2022,17:03,META PLATFORMS INC CLASS A,US30303M1027,NDQ,ARCX,3,"180,6500",USD,"-541,95",USD,"-530,86","1,0209","-1,33","-0,50","-532,69",23690acb-4c65-4ad0-9e13-e64cf263a282
20-07-2022,17:02,PAYPAL HOLDINGS INC,US70450Y1038,NDQ,ARCX,4,"79,2600",USD,"-317,04",USD,"-310,49","1,0211","-0,78","-0,50","-311,77",4bdbcbde-eae5-41c3-ba79-812f7240aa71
20-07-2022,17:02,ADR ON VALE SA,US91912E1055,NSY,XPSX,10,"12,3900",USD,"-123,90",USD,"-121,33","1,0212","-0,30","-0,50","-122,13",b7f5c7fc-a2a0-45ab-8300-1185a0969d88
20-07-2022,17:01,SIEMENS ENERGY AG,DE000ENER6Y0,XET,XETA,5,"14,9800",EUR,"-74,90",EUR,"-74,90",,"0,00","-4,40","-79,30",ccc18459-c499-4331-9b1b-170dcc832117
20-07-2022,17:01,ADR ON STMICROELECTRONICS NV,US8610121027,NSY,CDED,4,"34,4900",USD,"-137,96",USD,"-135,11","1,0211","-0,34","-0,50","-135,95",1e3a9101-8471-4aaa-8b9e-f01c85d22e39
20-07-2022,17:01,SWITCH INC - A,US87105L1044,NSY,CDED,3,"33,6900",USD,"-101,07",USD,"-98,98","1,0211","-0,25","-0,50","-99,73",a896a0ca-5e1b-48ad-b8c8-329937ded4f1
20-07-2022,17:00,ON SEMICONDUCTOR CORP,US6821891057,NDQ,ARCX,3,"60,0600",USD,"-180,18",USD,"-176,42","1,0213","-0,44","-0,50","-177,36",72cef5d0-f355-4438-ac7a-dcc4a84311c0
20-07-2022,16:57,EDITAS MEDICINE INC,US28106W1036,NDQ,XNAS,10,"17,9800",USD,"-179,80",USD,"-176,09","1,0211","-0,44","-0,50","-177,03",eabc01a8-e320-4464-8c50-46281005e304
20-07-2022,16:56,MICROSOFT CORP,US5949181045,NDQ,EDGX,1,"262,7000",USD,"-262,70",USD,"-257,20","1,0214","-0,64","-0,50","-258,34",beaf4abb-a595-4238-ba31-51e0996fe9e3
20-07-2022,16:54,CISCO SYSTEMS INC,US17275R1023,NDQ,CDED,4,"44,2300",USD,"-176,92",USD,"-173,20","1,0215","-0,43","-0,50","-174,13",b76371f2-6b29-4402-be23-cbd675ac1680
19-07-2022,21:14,SHOPIFY INC. CLASS A S,CA82509L1076,NSY,CDED,5,"34,1700",USD,"-170,85",USD,"-167,03","1,0229","-0,42","-0,50","-167,94",7cfd35f2-0f8b-48b2-9b19-57035360f341
19-07-2022,20:15,WARNER BROS DISCOVERY INC,US9344231041,NDQ,EPRL,5,"14,2400",USD,"-71,20",USD,"-69,59","1,0231","-0,17","-0,50","-70,27",2ee5ce61-1b1e-4918-abe6-de634581158c
19-07-2022,20:12,INVITAE CORPORATION CO,US46185L1035,NSY,CDED,20,"2,2150",USD,"-44,30",USD,"-43,30","1,0231","-0,11","-0,50","-43,91",cfc30459-1bb1-4f1c-87db-2443950a744c
19-07-2022,18:58,INVITAE CORPORATION CO,US46185L1035,NSY,CDED,20,"2,3050",USD,"-46,10",USD,"-45,01","1,0242","-0,11","-0,50","-45,62",226e3172-a378-42bb-bae1-fa6869f813d8
19-07-2022,17:58,UNITY SOFTWARE INC,US91332U1016,NSY,XNAS,5,"35,4200",USD,"-177,10",USD,"-172,97","1,0239","-0,43","-0,50","-173,90",b7bf4e3b-cbdb-4a2d-bb62-cedc971ea8d3
19-07-2022,16:32,VIVORYON THERAPEUTICS NV,NL00150002Q7,EAM,XAMS,15,"7,4500",EUR,"-111,75",EUR,"-111,75",,"0,00","-2,50","-114,25",74d2ae74-9349-4fff-a8db-b4f1989d80e4
19-07-2022,10:01,BE SEMICONDUCTOR INDUSTRIES NV,NL0012866412,EAM,MESI,2,"45,7800",EUR,"-91,56",EUR,"-91,56",,"0,00","-2,50","-94,06",4705624d-72ea-4a40-8c09-2a8e90a0879d
18-07-2022,15:31,UNITY SOFTWARE INC,US91332U1016,NSY,XNYS,5,"34,7000",USD,"-173,50",USD,"-171,04","1,0144","-0,43","-0,50","-171,97",df1a67d0-2361-42d7-bb0c-0d3ad54d7f05
18-07-2022,11:06,BE SEMICONDUCTOR INDUSTRIES NV,NL0012866412,EAM,XAMS,4,"48,0000",EUR,"-192,00",EUR,"-192,00",,"0,00","-2,50","-194,50",cc9b9298-5e88-4a44-8bd4-6c4f989cd91b
14-07-2022,20:49,MICROSOFT CORP,US5949181045,NDQ,BATS,1,"254,1000",USD,"-254,10",USD,"-253,29","1,0032","-0,63","-0,50","-254,42",43bbb549-4454-463f-8ef8-77e800d0bfa5
11-07-2022,15:50,HIMS & HERS HEALTH INC CLASS A,US4330001060,NSY,CDED,15,"5,3900",USD,"-80,85",USD,"-80,39","1,0057","-0,20","-0,50","-81,09",84949e1a-0222-4013-a761-6929ffa7ce16
11-07-2022,15:30,ADR ON STMICROELECTRONICS NV,US8610121027,NSY,XNYS,5,"31,1000",USD,"-155,50",USD,"-154,51","1,0064","-0,39","-0,50","-155,40",87a739e5-cb31-4ce5-acc2-a09a667554e8
11-07-2022,09:15,ASML HOLDING NV,NL0010273215,EAM,XAMS,1,"437,0000",EUR,"-437,00",EUR,"-437,00",,"0,00","-2,50","-439,50",36219a40-56bc-40a7-8aed-70ca1cf00abe
11-07-2022,09:08,ASM INTERNATIONAL NV,NL0000334118,EAM,XAMS,1,"210,0000",EUR,"-210,00",EUR,"-210,00",,"0,00","-2,50","-212,50",da355046-0918-478c-974a-a01a25294281
08-07-2022,21:09,ON SEMICONDUCTOR CORP,US6821891057,NDQ,ARCX,1,"53,2000",USD,"-53,20",USD,"-52,29","1,0175","-0,13","-0,50","-52,92",9814bbb6-31be-4f1e-9314-29015b91193c
08-07-2022,21:07,QUALCOMM INC,US7475251036,NDQ,ARCX,1,"135,9600",USD,"-135,96",USD,"-133,62","1,0175","-0,33","-0,50","-134,46",8d3760fd-c750-47e5-974b-4cc45db018b7
08-07-2022,21:06,NVIDIA CORP,US67066G1040,NDQ,XNAS,1,"158,3000",USD,"-158,30",USD,"-155,56","1,0176","-0,39","-0,50","-156,45",cb63e851-345c-4ee6-a462-5db5cda95a06
08-07-2022,20:38,EDITAS MEDICINE INC,US28106W1036,NDQ,ARCX,3,"14,8500",USD,"-44,55",USD,"-43,80","1,0172","-0,11","-0,50","-44,41",818ba95b-79ce-40dd-9c7b-bd0fbc72cc48
08-07-2022,20:35,INVITAE CORPORATION CO,US46185L1035,NSY,MEMX,30,"3,1300",USD,"-93,90",USD,"-92,34","1,0169","-0,23","-0,50","-93,07",731f56ae-a96e-47a2-8382-34b3d6410a3a
08-07-2022,18:13,AMAZON.COM INC,US0231351067,NDQ,XNAS,1,"115,7300",USD,"-115,73",USD,"-113,76","1,0173","-0,28","-0,50","-114,55",7ee6ca5d-153c-4010-9e52-e79ee4c5c56c
08-07-2022,18:09,SALESFORCE INC,US79466L3024,NSY,BATS,1,"175,2000",USD,"-175,20",USD,"-172,24","1,0172","-0,43","-0,50","-173,17",4d193587-0040-402b-840a-538b4db90b91
08-07-2022,17:35,DRAFTKINGS INC CLASS A,US26142V1052,NDQ,ARCX,10,"13,1100",USD,"-131,10",USD,"-128,76","1,0182","-0,32","-0,50","-129,58",44402053-143f-47b2-93bd-e42422859e1a
08-07-2022,17:12,XENON PHARMACEUTICALS INC,CA98420N1050,NDQ,XNAS,4,"32,7500",USD,"-131,00",USD,"-128,65","1,0183","-0,32","-0,50","-129,47",2cc945ca-74ac-4aa1-9831-4436028897b0
08-07-2022,16:55,AMG CRITICAL MATERIALS NV,NL0000888691,EAM,XAMS,5,"22,9400",EUR,"-114,70",EUR,"-114,70",,"0,00","-2,50","-117,20",2cac33d9-8282-4108-a6b2-c132c106c7a4
08-07-2022,16:52,CROCS INC,US2270461096,NDQ,ARCX,1,"57,7400",USD,"-57,74",USD,"-56,75","1,0175","-0,14",,"-56,89",9855db0b-f412-4848-8c60-2ef1b3d19ef1
08-07-2022,16:52,CROCS INC,US2270461096,NDQ,ARCX,2,"57,7400",USD,"-115,48",USD,"-113,49","1,0175","-0,28","-0,50","-114,28",9855db0b-f412-4848-8c60-2ef1b3d19ef1
06-07-2022,15:30,WARNER BROS DISCOVERY INC,US9344231041,NDQ,XNAS,14,"14,4000",USD,"-201,60",USD,"-197,80","1,0192","-0,49","-0,50","-198,80",055b7fe3-3529-4bea-bbf2-c8512f194d7d
29-06-2022,20:00,AMAZON.COM INC,US0231351067,NDQ,CDED,1,"109,2000",USD,"-109,20",USD,"-104,52","1,0448","-0,26","-0,50","-105,28",31d7439b-3944-44c7-9468-132e8d5643a8
28-06-2022,16:22,AMAZON.COM INC,US0231351067,NDQ,SOHO,-1,"111,6500",USD,"111,65",USD,"106,09","1,0524","-0,27","-0,50","105,33",cef41d74-1b99-4142-b15d-c9394749d686
28-06-2022,15:50,AMAZON.COM INC,US0231351067,NDQ,CDED,1,"113,9500",USD,"-113,95",USD,"-108,23","1,0529","-0,27","-0,50","-109,00",b3a6f4fe-15f6-42f9-8a15-5803866faeb9
27-06-2022,09:56,ASM INTERNATIONAL NV,NL0000334118,EAM,MESI,1,"252,5500",EUR,"-252,55",EUR,"-252,55",,"0,00","-2,50","-255,05",c14376fc-3e5b-4f68-808d-f4ebdb2b4e0c
24-06-2022,15:48,SALESFORCE INC,US79466L3024,NSY,ARCX,1,"180,0000",USD,"-180,00",USD,"-170,81","1,0538","-0,43","-0,50","-171,74",01671512-f821-4809-a9ed-c4a0b1683d19
24-06-2022,15:47,SWITCH INC - A,US87105L1044,NSY,CDED,2,"33,4900",USD,"-66,98",USD,"-63,56","1,0538","-0,16","-0,50","-64,22",b5b71e73-3e13-4fb3-8ac3-1a2b3f7cc776
24-06-2022,15:46,ENERGIZER HOLDINGS INC,US29272W1099,NSY,SOHO,2,"28,3800",USD,"-56,76",USD,"-53,85","1,0540","-0,13","-0,50","-54,49",58e48a5a-c19d-4abd-97c9-8a8307694269
24-06-2022,15:43,AES CORP,US00130H1059,NSY,XNAS,2,"21,0800",USD,"-42,16",USD,"-40,01","1,0537","-0,10","-0,50","-40,61",f7db89d0-7109-4968-8c2f-6fb1815dd4ed
24-06-2022,15:35,SUNRUN INC,US86771W1053,NDQ,XNAS,2,"25,0000",USD,"-50,00",USD,"-47,46","1,0535","-0,12","-0,50","-48,08",f6a4ad65-dbdd-4f56-b368-86f3e75c73ac
24-06-2022,11:25,SIEMENS ENERGY AG,DE000ENER6Y0,XET,XETA,5,"15,4000",EUR,"-77,00",EUR,"-77,00",,"0,00","-4,40","-81,40",5a9fac58-2219-4106-ae53-f5e5c4530634
23-06-2022,17:53,ADR ON VALE SA,US91912E1055,NSY,XNYS,5,"14,1500",USD,"-70,75",USD,"-67,25","1,0521","-0,17","-0,50","-67,91",686ffa8a-51a3-4b48-bc40-0499c3aef835
23-06-2022,16:13,ON SEMICONDUCTOR CORP,US6821891057,NDQ,CDED,1,"49,9500",USD,"-49,95",USD,"-47,44","1,0529","-0,12","-0,50","-48,06",5d0c3d4d-56d5-4158-99ad-aad952802860
23-06-2022,15:30,CISCO SYSTEMS INC,US17275R1023,NDQ,XNAS,2,"43,1700",USD,"-86,34",USD,"-82,05","1,0523","-0,21","-0,50","-82,75",1ddde241-4ab9-425c-a9ef-5d7ef62d1ea3
23-06-2022,15:07,ASPEN PHARMACARE HOLDINGS LTD,ZAE000066692,TDG,XGAT,10,"7,9500",EUR,"-79,50",EUR,"-79,50",,"0,00","-3,90","-83,40",0a603807-4cd4-47cc-b5d9-8573aa67ffda
23-06-2022,09:00,ASML HOLDING NV,NL0010273215,EAM,XAMS,1,"455,6000",EUR,"-455,60",EUR,"-455,60",,"0,00","-2,50","-458,10",276c7c95-052a-44e0-92ff-7835593200ea
16-06-2022,15:30,NVIDIA CORP,US67066G1040,NDQ,XNAS,1,"158,5800",USD,"-158,58",USD,"-151,56","1,0463","-0,38","-0,50","-152,44",6433ed88-f182-44f4-b888-5cb7d6710f6f
16-06-2022,15:30,QUALCOMM INC,US7475251036,NDQ,XNAS,1,"126,0000",USD,"-126,00",USD,"-120,44","1,0462","-0,30","-0,50","-121,24",b0544352-0101-4cc6-b22a-250bab40428f
16-06-2022,15:30,STARBUCKS CORP,US8552441094,NDQ,XNAS,2,"72,4300",USD,"-144,86",USD,"-138,46","1,0462","-0,35","-0,50","-139,31",5bbea475-524b-4a10-bff6-2df00eb05966
16-06-2022,15:30,APPLE INC,US0378331005,NDQ,XNAS,4,"132,0000",USD,"-528,00",USD,"-504,69","1,0462","-1,26","-0,50","-506,45",0afe32c2-57d0-4cf0-a110-8920bca469c1
30-05-2022,13:15,ASML HOLDING NV,NL0010273215,EAM,CEUX,1,"561,4000",EUR,"-561,40",EUR,"-561,40",,"0,00","-2,50","-563,90",6ada39d7-1e3e-432b-a7da-27e50b0cad1e
30-05-2022,13:15,ASM INTERNATIONAL NV,NL0000334118,EAM,XAMS,1,"300,9000",EUR,"-300,90",EUR,"-300,90",,"0,00","-2,50","-303,40",0e6ae2c9-2be3-436c-ad06-aea89a2567e9
25-05-2022,15:30,MICROSOFT CORP,US5949181045,NDQ,XNAS,1,"258,0000",USD,"-258,00",USD,"-241,96","1,0663","-0,60","-0,50","-243,06",8c7f6097-de93-41b5-a959-aaae3eb1f037
24-05-2022,16:08,APPLE INC,US0378331005,NDQ,CDED,5,"138,3300",USD,"-691,65",USD,"-644,42","1,0733","-1,61","-0,50","-646,53",06a473e9-f656-4f6b-ae5d-1bab61a8b62a
16-05-2022,09:33,HEINEKEN NV,NL0000009165,EAM,XAMS,3,"94,0000",EUR,"-282,00",EUR,"-282,00",,"0,00","-2,50","-284,50",6e71a3d9-cffa-4107-b4d4-a8e59c70d605
04-05-2022,17:16,VASTNED,NL0000288918,EAM,XAMS,2,"23,4000",EUR,"-46,80",EUR,"-46,80",,"0,00","-2,50","-49,30",3afda07b-2457-4990-8b63-28acaf7b8bd0
14-04-2022,09:32,ALFEN NV,NL0012817175,EAM,XAMS,5,"85,7600",EUR,"-428,80",EUR,"-428,80",,"0,00","-2,50","-431,30",a4e7ce07-ed86-4189-a737-1f9192aa1c83
11-04-2022,09:05,VANGUARD FTSE ALL-WORLD UCITS ETF USD DIS,IE00B3RBWM25,EAM,XAMS,5,"105,6400",EUR,"-528,20",EUR,"-528,20",,"0,00",,"-528,20",5e4bbbf1-6b29-4321-b501-d9ba4f7cb4a0
